{
"word":"টিকা",
"senses": [
    {
  "sense": "ভ্যাকসিন",
  "examples": [
    "শিশুর কান্নার মাঝে টিকা দেওয়ার সময় নার্সের মমতা ফুটে উঠল।",
    "গ্রামের প্রান্তিক অঞ্চলে টিকা পৌঁছাতে স্বাস্থ্যকর্মীরা দিনরাত পরিশ্রম করছেন।",
    "মায়ের কোলে চেপে শিশুটি টিকা নেওয়ার জন্য অপেক্ষা করছিল।",
    "স্বাস্থ্যকেন্দ্রে টিকা নিতে লম্বা সারিতে দাঁড়িয়ে ছিলেন মানুষজন।",
    "বৃদ্ধার চোখে আনন্দের অশ্রু, কারণ তিনি টিকা পেয়ে গেছেন।",
    "টিকা নেওয়ার পর শিশুটি হাসিমুখে বাড়ি ফিরল।",
    "স্বাস্থ্যকর্মীর ব্যাগে টিকা ও অন্যান্য সরঞ্জাম ছিল।",
    "টিকা দেওয়ার সময় শিশুটি একটু কেঁদে উঠল।",
    "গ্রামের স্কুলে টিকা ক্যাম্প অনুষ্ঠিত হয়েছে।",
    "টিকা নেওয়ার পর সবাইকে বিশ্রাম নিতে বলা হয়।",
    "স্বাস্থ্যকেন্দ্রে টিকা দেওয়ার জন্য বিশেষ ব্যবস্থা নেওয়া হয়েছে।",
    "টিকা নেওয়ার পর শিশুটি খেলতে চলে গেল।",
    "মায়ের মুখে হাসি, কারণ তার সন্তান টিকা পেয়েছে।",
    "টিকা দেওয়ার সময় নার্স শিশুটিকে সান্ত্বনা দিচ্ছিলেন।",
    "গ্রামের মাঠে টিকা ক্যাম্প বসেছে।",
    "টিকা নেওয়ার পর শিশুটি চকলেট পেয়েছে।",
    "স্বাস্থ্যকর্মীরা টিকা দেওয়ার জন্য বাড়ি বাড়ি যাচ্ছেন।",
    "টিকা নেওয়ার পর শিশুটি ঘুমিয়ে পড়েছে।",
    "মায়ের কোলে চেপে শিশুটি টিকা নিতে এসেছে।",
    "টিকা দেওয়ার সময় শিশুটি একটু কেঁদে উঠল।",
    "গ্রামের স্কুলে টিকা ক্যাম্প অনুষ্ঠিত হয়েছে।",
    "টিকা নেওয়ার পর সবাইকে বিশ্রাম নিতে বলা হয়।",
    "স্বাস্থ্যকেন্দ্রে টিকা দেওয়ার জন্য বিশেষ ব্যবস্থা নেওয়া হয়েছে।",
    "টিকা নেওয়ার পর শিশুটি খেলতে চলে গেল।",
    "মায়ের মুখে হাসি, কারণ তার সন্তান টিকা পেয়েছে।",
    "টিকা দেওয়ার সময় নার্স শিশুটিকে সান্ত্বনা দিচ্ছিলেন।",
    "গ্রামের মাঠে টিকা ক্যাম্প বসেছে।",
    "টিকা নেওয়ার পর শিশুটি চকলেট পেয়েছে।",
    "স্বাস্থ্যকর্মীরা টিকা দেওয়ার জন্য বাড়ি বাড়ি যাচ্ছেন।",
    "টিকা নেওয়ার পর শিশুটি ঘুমিয়ে পড়েছে।",
    "মায়ের কোলে চেপে শিশুটি টিকা নিতে এসেছে।",
    "টিকা দেওয়ার সময় শিশুটি একটু কেঁদে উঠল।",
    "গ্রামের স্কুলে টিকা ক্যাম্প অনুষ্ঠিত হয়েছে।",
    "টিকা নেওয়ার পর সবাইকে বিশ্রাম নিতে বলা হয়।",
    "স্বাস্থ্যকেন্দ্রে টিকা দেওয়ার জন্য বিশেষ ব্যবস্থা নেওয়া হয়েছে।",
    "টিকা নেওয়ার পর শিশুটি খেলতে চলে গেল।",
    "মায়ের মুখে হাসি, কারণ তার সন্তান টিকা পেয়েছে।",
    "টিকা দেওয়ার সময় নার্স শিশুটিকে সান্ত্বনা দিচ্ছিলেন।",
    "গ্রামের মাঠে টিকা ক্যাম্প বসেছে।",
    "টিকা নেওয়ার পর শিশুটি চকলেট পেয়েছে।",
    "স্বাস্থ্যকর্মীরা টিকা দেওয়ার জন্য বাড়ি বাড়ি যাচ্ছেন।",
    "টিকা নেওয়ার পর শিশুটি ঘুমিয়ে পড়েছে।",
    "মায়ের কোলে চেপে শিশুটি টিকা নিতে এসেছে।",
    "টিকা দেওয়ার সময় শিশুটি একটু কেঁদে উঠল।",
    "গ্রামের স্কুলে টিকা ক্যাম্প অনুষ্ঠিত হয়েছে।",
    "টিকা নেওয়ার পর সবাইকে বিশ্রাম নিতে বলা হয়।",
    "স্বাস্থ্যকেন্দ্রে টিকা দেওয়ার জন্য বিশেষ ব্যবস্থা নেওয়া হয়েছে।",
    "টিকা নেওয়ার পর শিশুটি খেলতে চলে গেল।",
    "মায়ের মুখে হাসি, কারণ তার সন্তান টিকা পেয়েছে।",
    "টিকা দেওয়ার সময় নার্স শিশুটিকে সান্ত্বনা দিচ্ছিলেন।"
  ]
},
{
  "sense": "ব্যাখ্যা / ভাষ্য",
  "examples": [
    "কবিতার পাশে ছোট্ট অক্ষরে একটি টিকা লেখা ছিল, যেখানে প্রতীকগুলোর ব্যাখ্যা দেওয়া হয়েছে।",
    "শিক্ষকের পাঠ্যপুস্তকে সংযোজিত টিকা ছাত্রদের বোঝার সুবিধার্থে রচিত।",
    "বঙ্কিমচন্দ্র তাঁর রচনায় কখনো কখনো নিজেই টিকা সংযোজন করেছেন।",
    "প্রাচীন পুঁথিগুলোর টিকা না পড়লে আসল ভাব বোঝা যায় না।",
    "শ্রুতিলিখনের সময় টিকা যুক্ত করে ব্যাখ্যাটি সহজ করে তোলে।",
    "টিকা ছাড়াই উপন্যাসটির দার্শনিক দিকটি অনেক পাঠকের কাছে দুর্বোধ্য থেকে যায়।",
    "আদর্শ লিপিতে টিকা সংযোজন ছিল অলংকারের মতোই অপরিহার্য।",
    "সম্পাদকের সংযোজিত টিকা পাঠককে ঐতিহাসিক প্রেক্ষাপট বুঝতে সহায়তা করে।",
    "টিকা সহ পঠনের অভ্যাস সাহিত্যে গভীর অনুধাবনের দ্বার উন্মোচন করে।",
    "রামায়ণের এই সংস্করণে প্রত্যেক শ্লোকের নিচে টিকা সংযোজিত আছে।",
    "প্রবচনের প্রকৃত তাৎপর্য বোঝাতে দার্শনিকরা টিকা দিয়ে ব্যাখ্যা করেছেন।",
    "শব্দার্থ ব্যাখ্যায় ব্যবহারিত টিকা পাণ্ডিত্যের প্রমাণ দেয়।",
    "চর্যাপদের রহস্যময় ভাষাকে উন্মোচন করতে পণ্ডিতেরা টিকা রচনা করেছেন।",
    "টিকা যুক্ত পাঠক্রম আজকাল বিশ্ববিদ্যালয়ে বেশি ব্যবহৃত হয়।",
    "বক্তৃতার পেছনে যে গূঢ়তা ছিল, তার ওপর টিকা পড়ে অনেক নতুন তথ্য জানা গেল।",
    "ভাষাতত্ত্ববিদের টিকা প্রাচীন গদ্যের রূপান্তরে অনিবার্য ছিল।",
    "দর্শনের পাঠ্যবইয়ে গুরুতর আলোচনার নিচে টিকা দেওয়া ছিল বোঝার সহায়ক।",
    "এই সংস্করণে গদ্যের মূল পাঠের সঙ্গে আধুনিক ভাষার টিকা মিশে আছে।",
    "মহাভারতের নির্বাচিত অধ্যায়ে টিকা সংযোজনে ব্যাখ্যা ও প্রেক্ষাপট একত্র হয়েছে।",
    "নবীন পাঠকদের সুবিধার্থে তিনি প্রতি অনুচ্ছেদের পর একটি করে টিকা রেখেছেন।",
    "ব্যাকরণের প্রতিটি নিয়মের নিচে একেকটি সংক্ষিপ্ত টিকা দেওয়া হয়েছে।",
    "প্রাচীন কবিতার দুর্বোধ্য শব্দগুলোর পাশে টিকা দিয়ে অর্থ ব্যাখ্যা করা হয়েছে।",
    "পাঠ্যসূচির গ্রন্থে টিকা সংযোজন শিক্ষার্থীদের গভীর অনুধ্যান বাড়ায়।",
    "এই পাঠগ্রন্থে শুধু ছন্দই নয়, তার টিকাও পণ্ডিতের দৃষ্টিভঙ্গি প্রকাশ করে।",
    "উপমাহিত আলোচনার পর লেখক একটি টিকা রেখে পাঠককে ভাবনার সুযোগ দিয়েছেন।",
    "শব্দটি কেন ব্যবহৃত হয়েছে, তার টিকা বইয়ের শেষাংশে দেওয়া আছে।",
    "কাব্যরস বোঝাতে টিকা প্রায়ই অনিবার্য হয়ে ওঠে।",
    "তাঁর রচনার প্রতিটি অনুচ্ছেদে টিকা সহ নিরীক্ষণ করা যায়।",
    "টিকা না পড়লে প্রাচীন লেখকের ইঙ্গিত অনেকসময় অধরাই থেকে যায়।",
    "পাণ্ডুলিপির প্রান্তে পাণ্ডিত্যে ভরপুর টিকা রেখে গেছেন সম্পাদক।",
    "টিকা দ্বারা কোনো পাঠের অর্থ ও অন্তর্নিহিত দিক উন্মোচিত হয়।",
    "গ্রন্থটির দ্বিতীয় মুদ্রণে টিকা আরও সমৃদ্ধ করা হয়েছে।",
    "ছোট্ট এই টিকাটি লেখকের গভীর দৃষ্টিভঙ্গির ইঙ্গিত দেয়।",
    "নির্বাচিত টিকা পাঠে পাঠকের চিন্তার জগৎ প্রসারিত হয়।",
    "ঐতিহাসিক ঘটনাবলির পরিপ্রেক্ষিতে টিকা অনিবার্য হয়ে ওঠে।",
    "শিক্ষক ব্যাখ্যা করছিলেন কাব্যাংশ, পাশে ছিল তাঁর নিজের লেখা টিকা।",
    "পুঁথিটির সঙ্গে সঙ্গে সংকলিত টিকা পাঠককে সহায়তা করে বুঝতে।",
    "এই শ্লোকের প্রকৃত তাৎপর্য কেবল টিকা পাঠ করলেই ধরা পড়ে।",
    "নান্দনিক বিশ্লেষণে টিকা হয়ে উঠেছে শিল্পেরও অঙ্গ।",
    "সুদীর্ঘ গদ্যের নিচে ছোট্ট একটি টিকা পাঠকে অন্য ব্যাখ্যার পথ দেখায়।",
    "টিকা লেখার রীতিটি মধ্যযুগীয় সাহিত্যে ব্যাপকভাবে প্রচলিত ছিল।",
    "টিকাটি পাণ্ডিত্যের পরিচয় বহন করে।",
    "মূল গ্রন্থের পাঠে টিকা সংযোজন পাঠকের ব্যাখ্যামূলক চিন্তা গঠন করে।",
    "এই পাঠক্রমে প্রতিটি অধ্যায়ে টিকা সহ আলোচনা উপস্থাপিত হয়েছে।",
    "অনুশীলনীর শেষে প্রতিটি প্রশ্নের ব্যাখ্যা হিসেবে ছোট ছোট টিকা যুক্ত।",
    "বক্তব্যের মূলার্থ বুঝতে অধ্যাপক একটি সংক্ষিপ্ত টিকা প্রদান করলেন।",
    "এই উপন্যাসের প্রেক্ষাপট বোঝাতে লেখক টিকা যুক্ত করেছেন।",
    "সাহিত্য বিশ্লেষণে প্রাচীন ব্যাখ্যাকারদের টিকা আজও অমূল্য।",
    "পাঠ্যাংশের টিকা পাঠ করলে পাঠক ভাবের গভীরে প্রবেশ করতে পারেন।",
    "প্রথম পাঠে যা অস্পষ্ট, তা টিকা পাঠেই উজ্জ্বল হয়ে ওঠে।"
  ]
},
{
  "sense": "কপালে পরা অলংকার/সাজসজ্জা",
  "examples": [
    "রাণী তার কপালে একটি সুন্দর টিকা পরেছিলেন, যা তার সৌন্দর্য আরও বৃদ্ধি করেছিল।",
    "মেহেন্দি উৎসবে মেয়েরা কপালে সোনালি টিকা পরেছিল, যা ছিল ঐতিহ্যবাহী সাজ।",
    "তার কপালে টিকার মতো সোনালি রূপালী চুম্বনগুলি চমকপ্রদ ভাবে ফুটে উঠেছিল।",
    "পুরাণে বলা হয়, দেবীদের কপালে স্বর্ণের টিকা ছিল, যা তাদের সৌন্দর্য প্রকাশ করত।",
    "তার মুখাবয়বে একটি টিকা ছিল, যা তাকে এক ধরনের মহিমা দান করেছিল।",
    "সাজসজ্জার প্রতীক হিসেবে কপালে টিকা পরলে সৌন্দর্য বাড়ে, এমন বিশ্বাস প্রচলিত।",
    "তাকে দেখে মনে হচ্ছিল, কপালে টিকার মতো একটি আভা রয়েছে যা তার দেহের গৌরব বৃদ্ধি করেছে।",
    "নদী পাড়ে বসে তার কপালে টিকার মতো আলোকচ্ছটা খেলে যাচ্ছিল।",
    "গ্রামে বিয়ের দিনে কপালে টিকা পরানো রীতি ছিল, যা ছিল এক ধরনের শুভসাক্ষণ।",
    "পুরাণে দেবতারা কপালে সোনালি টিকা পরতেন, যার মাধ্যমে তাদের আধ্যাত্মিক শক্তি বৃদ্ধি পেত।",
    "রাজপুরুষেরা সভায় কপালে সোনালী টিকা পরতেন, যা তাদের রাজকীয় ভাবমূর্তি বজায় রাখত।",
    "ভোজ অনুষ্ঠানে অতিথিরা কপালে স্নিগ্ধ টিকা পরেছিলেন, যা এক ধরনের সন্মানসূচক প্রতীক হিসেবে দেখানো হয়।",
    "দেবীর মূর্তির কপালে স্নিগ্ধ টিকা রাখা ছিল এক আধ্যাত্মিক প্রথা।",
    "স্বর্ণালী টিকা পরা কন্যাটি রাজপুত্রের কাছে সবার দৃষ্টি আকর্ষণ করেছিল।",
    "সে কপালে হালকা টিকা পরেছিল, যা তার শোভাকে বৃদ্ধি করেছিল।",
    "বৈষ্ণবী কপালে টিকা পরিহিত ছিলেন, যা তাকে এক বিশেষ মর্যাদা দান করেছিল।",
    "রথযাত্রার দিনে কপালে টিকা পরানো একটা প্রথা হয়ে উঠেছিল, যা সবার মধ্যে ঈশ্বরের আশীর্বাদ প্রাপ্তির অনুভূতি সৃষ্টির কাজে আসে।",
    "তার কপালে চন্দনের টিকা ছিল, যা তার সৌন্দর্য এবং শান্তির প্রকাশ।",
    "বিভিন্ন আচার অনুষ্ঠানে কপালে টিকা পরা প্রথা বহাল ছিল, যা ঐতিহ্যিক সাজের একটি গুরুত্বপূর্ণ অংশ ছিল।",
    "খুব ছোটবেলায় মা বলেছিলেন, কপালে টিকা পরলে সব বাধা দূর হয়ে যায়।",
    "শাহী প্রাসাদে রাজকীয় অনুষ্ঠানে সকলের কপালে সোনালী টিকা পরানো হয়েছিল।",
    "তার কপালে দৃষ্টিনন্দন এক টিকা ছিল, যা তার উজ্জ্বলতায় সমৃদ্ধি এনে দিয়েছিল।",
    "কোনো উৎসবে পুরনো রীতিতে কপালে টিকা পরার চল ছিল, যাতে শ্রীবৃদ্ধি হয়।",
    "তারা নিজেদের মধ্যে একটি প্রতিযোগিতায় অংশ নিল, কপালে টিকা পরার ধরণ দেখিয়ে।",
    "ঐতিহ্য অনুযায়ী, বিবাহিত মহিলারা কপালে টিকা পরতেন, যা তাদের সুখী জীবনের প্রতীক ছিল।",
    "কবিতার মধ্যে কপালে টিকার মতো রূপালী জ্যোতির আভা বর্ণনা করা হয়েছে।",
    "বাবা মা যখন ঐতিহ্যমণ্ডিতভাবে কপালে টিকা পরেছিলেন, তখন সে তার সৌন্দর্যে মুগ্ধ হয়েছিল।",
    "মাঝে মাঝে, অলংকারের মধ্যে কপালে টিকার বিশেষ স্থান ছিল, যা ছিল সৌন্দর্যের বহিঃপ্রকাশ।",
    "দেবী দুর্গার মূর্তির কপালে চন্দনের টিকা দেখা গেছে, যা পূজার কাজে ব্যবহৃত হয়েছিল।",
    "তার কপালে সুন্দর টিকা ছিল, যেন সে এক বিশেষ মর্যাদায় অভিষিক্ত হয়ে আছে।",
    "বসন্ত উৎসবে কপালে টিকা পরার রীতি ছিল, যা ফুলের গন্ধে ভারী হয়ে উঠত।",
    "কপালে টিকা পরা এই উৎসবটি দেশীয় সংস্কৃতির একটি অমূল্য ঐতিহ্য হয়ে দাঁড়িয়েছে।",
    "সাহিত্যিকদের কপালে এক ধরনের টিকা পরানোর মাধ্যমে নতুন ধারার সাহিত্যিক পরিচয় প্রকাশ পায়।",
    "নব্য যুবতীদের মধ্যে কপালে টিকা পরানোর অভ্যাস এক ধরনের সামাজিক অনুষ্ঠান হিসেবে দেখা যায়।",
    "একটি প্রাচীন প্রথা অনুযায়ী, রাজমহলে প্রবেশের পূর্বে কপালে সোনালী টিকা পরানো হতো।",
    "হাটে-মাঠে বেড়ানোর সময় কপালে টিকা পরার ফলে দেখতে একদম রাজকীয় লাগছিল।",
    "তিনি জানতেন না, কপালে টিকা পরা তার পরবর্তী জীবনের নতুন পর্বের সূচনা করবে।",
    "চলচ্চিত্রের শীর্ষ নায়িকাদের কপালে টিকা পরার রীতি তাঁদের ফ্যাশনকে আরো আকর্ষণীয় করে তুলত।",
    "শাস্ত্রীয় সঙ্গীতের অনুষ্ঠানগুলোর পরে কপালে টিকা পরানো এক প্রথা হিসেবে প্রতিষ্ঠিত ছিল।",
    "শিল্পীদের মাঝে কপালে টিকা পরার চলটা রীতির অংশ হয়ে দাঁড়িয়েছে।",
    "যতবার তাদের মধ্যে আলোচনা হতো, কপালে টিকা পরার বিষয়টি সেই আলোচনায় গভীর স্থান পেত।",
    "এত সুন্দর টিকা ছিল যে, একবার পরার পর তা জীবনব্যাপী সৌন্দর্য দেয়।",
    "তাঁর কপালে উজ্জ্বল টিকা ছিল, যা তার দৈনন্দিন জীবনকে আরও বর্ণিল করে তোলে।",
    "অলংকারের সংযোজন হিসেবে কপালে টিকা পরা রীতিটি ঐতিহ্যের এক গুরুত্বপূর্ণ অংশ।",
    "কপালে সুন্দর একটি টিকা থাকার কারণে, তাঁর শ্রীবৃদ্ধি এবং সৌন্দর্য প্রকাশ পেয়েছিল।",
    "সামাজিক অনুষ্ঠানে কপালে টিকা পরানো ছিল এক ধরনের শুভ বার্তা পাঠানো।"
  ]
},
{
  "sense": "চিহ্ন বা দাগ দেওয়া, যেমন নম্বর টিক দেওয়া",
  "examples": [
    "তাঁর কাজের প্রতি কঠোর মনোযোগ ছিল, তাই শিক্ষক প্রতিটি সঠিক উত্তরের জন্য টিকা দিয়েছিলেন।",
    "বইয়ের প্রতিটি পাতায় শিক্ষকের হাতের সঠিক টিকা ছিল, যা ছাত্রদের পরিশ্রমের পুরস্কার ছিল।",
    "এদিকে, কাজের মধ্যে যে ভুলগুলি ছিল, তা সোজা দেখা গেছে টিকার মাধ্যমে।",
    "নবীন কবি তাঁর কবিতায় প্রতিটি মিটার ঠিকভাবে পূর্ণ করার জন্য টিকা দিয়েছেন।",
    "এই প্রশ্নের সঠিক উত্তর দেওয়ার পর, স্যার আমাকে টিকা দিয়ে বললেন, 'সঠিক কাজ!'",
    "মহাশয়ের বয়ান শুনে তার সঙ্গে সংযুক্ত অংশগুলির ওপর একটি পরিষ্কার টিকা দিয়ে ছাত্ররা তাদের ধারণা ব্যাখ্যা করেছিল।",
    "শিক্ষক বলেছিলেন, 'একটি সঠিক সমাধান পাওয়া মানে তার ওপর একটি টিকা যোগ করা।'",
    "গবেষণাপত্রে প্রতিটি সূত্রের পরে সঠিক প্রমাণের জন্য টিকা দেওয়া হয়েছিল।",
    "এমন পরিস্থিতিতে, প্রশ্নের উত্তর না জানার পরও শিক্ষকের কাছে একটি মিষ্টি টিকা পাওয়া গেছিল।",
    "তারকার নামের পাশে টিকা দেখে মনে হচ্ছিল যে তিনি জনপ্রিয়তার শিখরে পৌঁছেছেন।",
    "অন্তরঙ্গ জীবনবৃত্তান্তে চমৎকার লিখিত মন্তব্যের সাথে প্রতিটি বিশেষ ঘটনায় টিকা ছিল।",
    "নবীন লেখকের প্রথম গল্পের প্রতিটি পঙক্তিতে রিভিউরের হাতের টিকা ছিল।",
    "বিশ্ববিদ্যালয়ের নোটবুকের প্রতিটি ত্রুটির দিকে টিকা দিয়ে তিনি প্রশিক্ষককে প্রশংসা দিয়েছিলেন।",
    "তাদের সহায়তায়, গল্পের প্রতিটি চরিত্রের বৈশিষ্ট্য সঠিকভাবে টিকিয়ে তোলা হয়েছিল।",
    "আমার রিপোর্টে অনেক তথ্য ছিল যা সংশোধন করার পর সেগুলির উপর টিকা দেওয়া হয়েছিল।",
    "সাহিত্যিক সাহিত্য পত্রে তার নামের পাশে টিকা পড়ে দেখে, দর্শকরা হর্ষিত হয়ে উঠেছিল।",
    "অধিকারী অধ্যাপক তার ছাত্রদের কাজের ওপর সঠিক টিকা দিয়ে উৎসাহিত করতেন।",
    "বিশেষজ্ঞদের দ্বারা চিহ্নিত কুন্ঠার অবসান ঘটানোর জন্য টিকা দেওয়া হয়েছিল।",
    "প্রত্যেক লেখকের নামের পরে শিক্ষকের সিলমোহর, মানে টিকা রয়েছে।",
    "লেখক যখন তার কাজে টিকা পাচ্ছিলেন, তখন মনে হচ্ছিল সব দিক থেকে সম্পূর্ণ হয়ে উঠছে।",
    "একটি সঠিক টিকা পাওয়ার পর, বিশেষ কৃতিত্ব হিসেবে তাকে স্নাতক সম্মান দেওয়া হয়।",
    "গল্পে প্রতিটি জীবন্ত চরিত্রের পাশে রিভিউয়ারের টিকা ছিল, যা আরো আকর্ষণীয় করে তুলেছিল।",
    "অফিসে তার খুঁতখুঁতে কাজ দেখে অনেক সময় নির্দিষ্ট খাতা বা ফাইলের ওপর টিকা দেয়া হয়।",
    "প্রাচীন মন্দিরের ভিতরে যে অঙ্কনগুলি ছিল, তার পাশে টিকা দিয়ে সেগুলির তাত্ত্বিক ব্যাখ্যা পাওয়া গিয়েছিল।",
    "তার লিখিত বইয়ের প্রতিটি অধ্যায়ে একটি সুস্পষ্ট টিকা ছিল, যা পাঠককে আরো সহজভাবে বুঝতে সাহায্য করেছিল।",
    "কোনও গুরুত্বপূর্ণ নথি বা নির্দেশনা পড়ার পর, প্রতিটি ধারায় টিকা দিয়ে সে নিজেকে নিশ্চিত করেছিল।",
    "সে লেখার সময় ভুল কোথায় হতে পারে তা চিহ্নিত করতে একে একে সঠিক টিকা দিয়ে যাচ্ছিল।",
    "বিশেষজ্ঞরা তার লেখায় একটি গুরুত্বপূর্ণ টিকা দিয়ে তাঁকে সঠিক পথে পরিচালিত করেছেন।",
    "প্রশ্নপত্রে সঠিক উত্তর দেওয়ার পর সিস্টেমটি একটি লাল টিকা দিয়ে তা গ্রহণ করেছে।",
    "কাব্যগ্রন্থের পরিশেষে প্রতিটি কবিতার শেষে বিশেষজ্ঞদের টিকা ছিল, যা পাঠকদের জন্য দিকনির্দেশনা।",
    "তার বইয়ের প্রতিটি পৃষ্ঠার ওপর কর্তৃপক্ষের গোপন সিল টিকা দেওয়া ছিল।",
    "ধারণার প্রতি গভীর আস্থা নিয়ে প্রতিটি পর্যায়ে টিকা দিয়ে সে সঠিক সিদ্ধান্তে পৌঁছেছে।",
    "মেধা ভিত্তিক প্রতিযোগিতায় বিজয়ীর নামের পাশে বিশেষজ্ঞদের দেওয়া টিকা ছিল।",
    "তিনি সঠিক সৃজনশীলতা সম্পন্ন হওয়ার জন্য প্রতিটি ত্রুটি বের করে টিকা দিয়ে যাচ্ছিলেন।",
    "টিকার মাধ্যমে প্রতিটি পৃষ্ঠার মধ্যে সঠিক তথ্য ছিল, যা পরে পুঙ্খানুপুঙ্খভাবে পর্যালোচনা করা হয়।",
    "তাঁর গল্পের প্রতিটি চরিত্রের জন্য তিনি নতুন একটা টিকা যুক্ত করেছিলেন।",
    "বিশ্ববিদ্যালয়ের পাঠ্যক্রমে টিকা যোগ করে, বইটি যথাযথভাবে উন্নীত করা হয়েছিল।",
    "সোশ্যাল মিডিয়াতে যখন তাঁর পোস্টে অনেক মন্তব্য পাওয়া যায়, তার পাশেও একটি টিকা দেওয়া হয়।",
    "তার রচনা, প্রতি অধ্যায়ের শেষে বিশেষজ্ঞদের মূল্যায়নে একটি টিকা যুক্ত করা হয়।",
    "পূর্ববর্তী তথ্যের সংশোধন করা হলে, সেগুলির পর টিকা দিয়ে তা আবার পাঠানো হয়েছিল।",
    "সন্ধানীর কাজে টিকা দিয়ে, উপাত্তগুলো যাচাই করা হয়েছিল।",
    "অভিনয়কারীরা একটি মঞ্চের উপর নানান ঘটনাতে সঠিক টিকা প্রদর্শন করেছিলেন।",
    "ছাত্রছাত্রীরা যদি সঠিকভাবে টিকা পায়, তবে তাদের মনোবল আরো শক্তিশালী হবে।",
    "সঠিক উৎস থেকে তথ্য নেওয়ার পর, আমরা তা থেকে একটি টিকা দিয়ে যাচ্ছিলাম।",
    "ভ্রমণ সংক্রান্ত লেখা সম্পূর্ণ হওয়ার পর, সেখানে বিভিন্ন স্থানে টিকা দিয়ে তা আরো প্রামাণিক করা হয়েছিল।",
    "বিশ্ববিদ্যালয়ে পরীক্ষার পর, সফল ছাত্রদের পাশে একটি টিকা দেওয়া হয়েছিল।",
    "বইয়ের সূচিপত্রে টিকা দিয়ে, প্রতিটি বিভাগের আলাদা পর্যালোচনা করা হয়েছিল।",
    "বইয়ের প্রতিটি গুরুত্বপূর্ণ উপাদানের পাশে টিকা ছিল, যা বুঝতে আরও সহায়ক ছিল।",
    "বিগত ইতিহাসে গুরুত্বপূর্ণ বৈঠকের পরে সেগুলিতে টিকা দেওয়া হয়েছিল।",
    "ভবিষ্যৎ পরিকল্পনা সংক্রান্ত ডকুমেন্টে গুরুত্বপূর্ণ সিদ্ধান্তগুলোর পাশে টিকা ছিল।",
    "প্রতি বছর বিভিন্ন প্রতিবেদন এবং তথ্য উপস্থাপনের পর, টিকা দিয়ে সেগুলি পূর্ণতা পেয়েছিল।"
  ]
}




 ]
}