{
"word":"বাজি",
"senses": [
    {
  "sense": "পেট্রোল বোমা অথবা আতশবাজি",
  "examples": [
    "এই বিপর্যয়ের সময় তিনি পেট্রোলের বাজি হাতে নিয়ে বের হয়েছিলেন।",
    "পৃথিবীটা যেন এক অদ্ভুত আতশবাজির মতো হয়ে উঠেছিল, বাজির আকাশে লাল ঝলকানিতে ভরে গিয়েছিল।",
    "গোলাগুলির আওয়াজের মাঝে বিস্ফোরিত হচ্ছিল বাজির মতো বোমাগুলি।",
    "শহরের রাস্তায় আতশবাজির বাজির মতো পেট্রোল বোমার বিস্ফোরণ হতে থাকে।",
    "এই দেশের নৃশংস রাজনীতি এখন বাজির ঝলকানির মতো হয়েছে, কিছুই আর স্থির থাকে না।",
    "এদিকে, হঠাৎ করেই বাজির আওয়াজ শোনা গেল, যা আসলে পেট্রোল বোমার শব্দ ছিল।",
    "দৃশ্যটি এতটাই আক্রমণাত্মক ছিল যে, সেখানে পেট্রোল বোমার বাজির মতো শব্দই শোনা যাচ্ছিল।",
    "বাজির মতো বিস্ফোরণ ঘটানোর পর, সারা এলাকায় আতঙ্ক ছড়িয়ে পড়েছিল।",
    "রাস্তায় দাঁড়িয়ে ছিল এক পেট্রোলের বাজি, যা এক মুহূর্তে বিস্ফোরিত হয়ে যায়।",
    "আতশবাজির মতো শব্দ শোনা যাচ্ছিল, তবে এটি ছিল পেট্রোল বোমার ফলস্বরূপ।",
    "বাজির আলোয় অন্ধকার হয়ে উঠছিল শহরের গলি, যেখানে পেট্রোল বোমা হামলা চালাচ্ছিল।",
    "তাকে ধ্বংস করার জন্য তারা বাজির মতো পেট্রোল বোমা ছুঁড়ে দিয়েছিল।",
    "ঘটনাটি একটি বাজির মতো ছিল, বিস্ফোরণের পর এক মুহূর্তেই সব কিছু এলোমেলো হয়ে গেল।",
    "বাজির মতো ফেটে উঠল সারা শহরের মধ্যে অজস্র পেট্রোল বোমা।",
    "বাজির মতো ঝলকানো আলোর মাঝে একের পর এক পেট্রোল বোমা ফাটতে থাকে।",
    "আতশবাজির মতো বাতাসে বাজির ঝলকানির পরিবর্তে পেট্রোল বোমার ধ্বংসযজ্ঞ ঘটছিল।",
    "যতবারই বাজির আওয়াজ শোনা যেত, ততবারই মনে হতো পেট্রোল বোমা আসছে।",
    "শহরজুড়ে যখন আতশবাজির মতো পেট্রোল বোমা বিস্ফোরণ ঘটছিল, তখন সবাই আতঙ্কিত ছিল।",
    "পেট্রোল বোমার বিস্ফোরণে বাতাসে বাজির মতো কাঁপন ছড়িয়ে পড়েছিল।",
    "রাতের অন্ধকারে পেট্রোল বোমার বাজির মতো আওয়াজ শোনা যায়।",
    "তারা আতশবাজি হিসেবে পেট্রোল বোমা ব্যবহার করে শহরটি তছনছ করে দেয়।",
    "বাজির মতো শোরগোল সৃষ্টি করার জন্য, তারা রাস্তার উপর পেট্রোল বোমা ফেলে চলে যায়।",
    "গল্পের শেষে, যখন বাজির মতো বিস্ফোরণ ঘটলো, তখন প্রকৃত সত্য সামনে এলো।",
    "ঘরের বাইরে বাজির মতো কেঁদে উঠল পেট্রোল বোমা, আর সঙ্গেই ভেঙে গেল সব কিছু।",
    "সন্ধ্যার বেলায়, দূরের পাহাড় থেকে বাজির মতো পেট্রোল বোমার বিস্ফোরণের শব্দ শোনা যাচ্ছিল।",
    "শহরটি যেন এক বিশাল আতশবাজির প্রদর্শনী হয়ে উঠেছিল, যেখানে পেট্রোল বোমার বিস্ফোরণ ঘটছিল।",
    "প্রতিবাদীরা যখন পেট্রোল বোমা ছুঁড়ে দিয়েছিল, তখন রাস্তার উপর বাজির মতো আলো ফেটে উঠেছিল।",
    "বাজির মতো আলোতে সব কিছু ঝলমলে হয়ে উঠলেও, সেটি ছিল পেট্রোল বোমার প্রভাব।",
    "পেট্রোল বোমার বাজি যেন এক হিংস্র সাপের মতো গোটা শহরে ছড়িয়ে পড়েছিল।",
    "বাজির মতো প্রজ্বলিত আলো, শহরের মধ্যে বিপর্যয়ের ঘোষণা ছিল।",
    "সব কিছু মুহূর্তে বাজির মতো বিকট আওয়াজে সরে গেল, যেন এক পেট্রোল বোমা বিস্ফোরিত হয়েছিল।",
    "বাজির মতো বিস্ফোরণ ঘটানো এই ঘটনায় শহরের জনজীবন স্থবির হয়ে পড়েছিল।",
    "পেট্রোল বোমা হাতে কেউ কেউ বাজির মতো আতঙ্ক ছড়াচ্ছিল শহরে।",
    "তারা আতশবাজির মতো বিস্ফোরণ ঘটিয়ে শহরের শান্তিকে বিরক্ত করছিল।",
    "বাজির মতো ঝলকানো আলো রাতের অন্ধকারকে কেঁপে তুলেছিল, যেন পেট্রোল বোমার আগমনের সংকেত ছিল।",
    "শহরটি এক বিরাট বাজির মতো শোরগোলের মধ্যে হুড়োহুড়ি করছে, যেখানে পেট্রোল বোমার বিস্ফোরণ হচ্ছে।",
    "রাস্তার উপর পেট্রোল বোমার বাজি, যেন আকাশে আতশবাজি ফোটানোর মতো।",
    "বিশাল বিস্ফোরণের আওয়াজ বাজির মতো শোনা গেল, যা ছিল এক পেট্রোল বোমার পরিণতি।",
    "আতশবাজির মতো বাজি ফোটানোর সময়, তা দুঃখজনকভাবে পেট্রোল বোমার মতো ছিল।",
    "সবকিছু একঝলকে বাজির মতো বিকট আওয়াজে তছনছ হয়ে যায়।",
    "বাজির মতো আলো, শহরের সন্ধ্যায় আবারও পেট্রোল বোমার বিস্ফোরণের ফল হিসেবে ছিল।",
    "যতবার বাজির মতো আলোর ঝলকানি দেখা গেল, ততবারই এক নতুন পেট্রোল বোমা বিস্ফোরিত হয়েছিল।",
    "পেট্রোল বোমার আওয়াজে বাতাসে বাজির মতো শোরগোল উঠছিল।",
    "প্রতিটি বাজি যেন প্রমাণ করছিল, পেট্রোল বোমার আক্রমণ চলছেই।",
    "একটি বাজির মতো বাজির শব্দ যেন শোরগোল তুলেছিল, যেখানে পেট্রোল বোমার ভূমিকা ছিল।",
    "বাজির মতো ফাটানো পেট্রোল বোমা সবকিছুকে একে একে ধ্বংস করতে থাকে।",
    "তাদের প্রয়াস ছিল আতশবাজি যেন পেট্রোল বোমা হতে থাকে।",
    "পেট্রোল বোমার মধ্যে যে বাজির মতো আলো ছড়ায়, তা দেখে শহরের মানুষ দিশেহারা হয়ে পড়েছিল।",
    "বাজির মতো ঝলকানো আলো চমক লাগিয়ে দেয়, সেটি ছিল পেট্রোল বোমার ফলাফল।"
  ]
},
{
  "sense": "জুয়া ধরা",
  "examples": [
    "বাজি ধরে সে তার সমস্ত সম্পত্তি হারিয়েছিল, কিন্তু তার পরও সে থেমে যায়নি।",
    "তাদের মধ্যে বাজি ছিল, যার পরিণতি ছিল এক বিশাল চমক।",
    "সে যখন বাজি ধরল, তখন জানত না যে এই খেলাটি তার জীবনকে উলট-পালট করে দিবে।",
    "বাজি ধরে তারা একটি নতুন খেলা শুরু করেছিল, তবে কোন দিনও তাদের সেই খেলা শেষ হয়নি।",
    "তার জীবনের সব সিদ্ধান্ত ছিল এক বাজির মতো, কখনও জিততো, কখনও হারতো।",
    "তবে বাজির খেলায় সে সব সময়ই পেছনে পড়ে থাকত, কেবল ক্ষতির দিকেই এগোচ্ছিল।",
    "বাজি ধরার সময় সে জানত না, তার এই খেলাটিই তার জন্য বিপদ ডেকে আনবে।",
    "নতুন বাজির প্রস্তাব শুনে, সে সেকথা অবহেলা করে তার পুরনো খেলায় ফিরে গেল।",
    "বাজি ধরার মেজাজে তিনি বললেন, 'আমার হাতেই থাকবে সব কিছু, তুমি কী জানো না!'",
    "যতই বাজি ধরুক না কেন, তাদের মধ্যে কেউ কখনও জয়ী হতে পারেনি।",
    "বাজির খেলা মিটে যাওয়ার পর, সে বুঝতে পারল যে হারানো নয়, আসল সত্য তার সামনে ছিল।",
    "বাজি নিয়ে খেলার সময় কখনোও কোনো লাভের আশায় ছিল না, কেবল মনের শান্তি খুঁজছিল।",
    "বাজি না ধরলে তার মনে হত যেন কোনো কিছুই নেই, এই খেলা তার জন্য একমাত্র জীবনের আনন্দ।",
    "তিনজনের বাজির খেলায় কোনো এক সময় সবচেয়ে বড় চমক অপেক্ষা করছিল।",
    "সে যখন বাজি ধরেছিল, তখন বুঝতে পারেনি যে সে এমন বিপদের মধ্যে পড়তে পারে।",
    "এটি ছিল বাজি ধরার একরকম পরীক্ষা, কিন্তু শেষ পর্যন্ত লাভবান হননি কেউ।",
    "বাজির চ্যালেঞ্জে মুখোমুখি হতে হলে তাকে আরও কিছু গভীরভাবে ভাবতে হবে।",
    "বাজির খেলা কতটা আকর্ষণীয় হতে পারে, তা সে নিজেও জানত না।",
    "যতদিন বাজি মেলানো থাকত, ততদিন সে এই খেলাটি চলতে থাকত।",
    "বাজির এই খেলা তার সামনে অদ্ভুত এক যাত্রার পথ খুলে দিলো।",
    "বাজি ধরে খেলাটা যে কীভাবে একটি বিপদগ্রস্ত পরিস্থিতিতে পরিণত হতে পারে, তা বুঝতে পেরে সে মন পরিবর্তন করল।",
    "কখনো বাজি ধরলে সবকিছু হারাতে হবে, এটা জানলেও সে একবারও থেমে থাকেনি।",
    "বাজি ধরে যারা খেলছে, তারা সবসময় কিছু না কিছু খুঁজছে, কিছু পাওয়ার আশা নিয়ে।",
    "বাজির খেলায় হেরে গেলেও সে আবার নতুন করে শুরু করার জন্য প্রস্তুত ছিল।",
    "এবারের বাজি ছিল বড়, আর তা তাকে বেশ চিন্তা করতে বাধ্য করেছিল।",
    "সেই বাজির ফলস্বরূপ পুরো খেলা বদলে গিয়েছিল, এবং সবাই হতবাক হয়ে গিয়েছিল।",
    "বাজির খেলায় সব সময় কিছু আশ্চর্য ঘটনা ঘটে, যা মানুষকে অবাক করে দেয়।",
    "বাজির খেলার প্রতি তার আসক্তি একে একে তাকে বোকা বানিয়ে দিয়েছিল।",
    "তাদের মধ্যে বাজি ধরার রীতি ছিল, যা একসময় তাদের জন্য সমস্যায় পরিণত হয়েছিল।",
    "একটি বাজি ধরে খেলাতে তার মনোবল বাড়ে, কিন্তু শেষ পর্যন্ত সেটি তার বিপদ ডেকে আনল।",
    "তিনি বাজি ধরে খেলতে ভালোবাসতেন, কারণ তার জন্য এটাই ছিল জীবনের একমাত্র আনন্দ।",
    "বাজির খেলা মিটে গিয়েছিল, কিন্তু সেটি তার জীবনের এক অদ্ভুত মুহূর্ত হয়ে দাঁড়িয়েছিল।",
    "এই বাজির খেলায় বিজয়ী হওয়া অসম্ভব নয়, কিন্তু কঠিন হতে পারে।",
    "এমন একটি বাজির খেলায় যদি অংশগ্রহণ না করা হয়, তবে তার জীবন যেন অসম্পূর্ণ।",
    "সে সবসময় বাজি ধরেছিল, কিন্তু একদিন এসে বুঝতে পারল যে জীবনের সবচেয়ে বড় বাজি হচ্ছে সময়।",
    "বাজি ধরার পর, কিছুটা সময় কেটে যাওয়ার পর, সবকিছুই সে এক নতুন দৃষ্টিকোণ থেকে দেখেছিল।",
    "বাজির খেলার ভেতর যে লুকানো বিপদ ছিল, তা সে সেদিন বুঝতে পারে।",
    "বাজির খেলায় একবার হারলে, আবার শুরু করার সাহস অনেক কম হয়ে যায়।",
    "বাজির খেলায় অন্যদের নিয়ে যখন সে জিতেছিল, তখন নিজেকে সবচেয়ে সুখী মনে হয়েছিল।",
    "তিনি বাজি ধরেছিলেন, এবং তার ফলে কিছু নতুন ঘটনা তৈরি হয়েছিল, যা তিনি কখনো আশা করেননি।",
    "বাজির খেলায় তার সাফল্য একে একে প্রতিটা দিন বড় হয়ে উঠছিল।",
    "খেলাটি ছিল বাজি নিয়ে শুরু, কিন্তু শেষে দেখা গেল, সত্যিকার অর্থে সে অনেক কিছু হারিয়েছিল।",
    "বাজির খেলায় তার সমস্ত আশা এবং আশা পূর্ণতা পেয়েছিল, কিন্তু একে একে তার হারিয়ে যাওয়া জীবন নিয়ে তার মন বিষাদে ভরে গিয়েছিল।",
    "বাজির খেলা শুরু করার পর, তার মধ্যে এক অদ্ভুত পরিবর্তন এসেছিল, যা সে পূর্বে অনুভব করেনি।",
    "এই বাজির খেলার মধ্যে সব সময় কিছু না কিছু চমক অপেক্ষা করছিল, যা কোনো দিন জানা যাবে না।",
    "বাজির খেলায় কখনো হেরে গিয়ে, কখনো আবার জিতে, সে এক রহস্যময় জীবন পার করছিল।",
    "বাজির খেলা এক বিচিত্র আনন্দের সৃষ্টি করেছিল, যা তাকে অভ্যস্ত হতে বাধ্য করেছিল।",
    "অবশেষে, বাজি ধরার ফলে সে যা আশা করেছিল, তা ছিল স্রেফ মায়া, যা হারিয়ে গিয়েছিল।",
    "বাজি দিয়ে শুরু করলেও শেষ পর্যন্ত কিছুই রক্ষা করা সম্ভব হয়নি, সবকিছু এক নিমিষে হারিয়ে গিয়েছিল।",
    "তারা যা বাজি ধরেছিল, তা ছিল জীবনের এক কঠিন পরীক্ষা, যা অনিবার্যভাবে শেষ হয়েছিল।",
    "বাজির খেলার মতোই তার জীবনের প্রতিটি সিদ্ধান্ত ছিল ঝুঁকিপূর্ণ।",
    "বাজি ধরতে গিয়ে তিনি ভাবেননি যে একদিন এমন কঠিন পরিস্থিতিতে পড়বেন।",
    "জীবনে বাজি ধরার সময় আসলে তিনি নিজের অনুভূতি ও সংকল্পের শক্তি পরীক্ষা করছিলেন।",
    "যতবার বাজি ধরেছিল, ততবার সে একে একে আরও গভীর প্রতিযোগিতায় প্রবেশ করছিল।",
    "বাজির খেলা শেষ হলে, সে বুঝতে পারল যে জীবনের সবচেয়ে বড় বাজি আসলে সময়ের ব্যাপার।",
    "বাজি দিয়ে শুরু করা খেলায় শেষ পর্যন্ত তার জীবনের মোড় ঘুরে গিয়েছিল।",
    "বাজির খেলার প্রতি তার আকর্ষণ অদ্ভুত ছিল, কিছুতেই সে থামতে পারছিল না।",
    "একটি বাজি ধরে সে জানত যে পরবর্তী সময় তার জন্য আরো বড় পরীক্ষা হতে যাচ্ছে।",
    "এটি ছিল এক ধরনের বাজি, যা তার জীবনের প্রতিটি সিদ্ধান্তকে প্রভাবিত করেছিল।",
    "তার জীবনে সবকিছুই ছিল এক বাজির মতো, কখনো জিততো, কখনো হারতো।"
  ]
},
{
  "sense": "পদক্ষেপ বা কৌশল",
  "examples": [
    "বাজি ধরার আগে সে জানত না যে তার চালটি শেষ পর্যন্ত কাজ করবে কি না।",
    "যতই কৌশল পরিবর্তন করুক, তার বাজি কখনোই একদম সঠিক সময়ে আসে না।",
    "তার বাজি ছিল এক ধরনের মাস্টারস্ট্রোক, যা সবাই বুঝতে পারেনি।",
    "এবারের বাজিটি ছিল পুরো পরিস্থিতিকে পাল্টে দেবার মত, আর সেটি সম্পূর্ণ নতুন কৌশলে সাজানো ছিল।",
    "বাজির পিছনে যে চাল ছিল, তা পুরো পরিস্থিতিকে ভিন্ন দিকে নিয়ে যায়।",
    "তার বাজি ছিল একটি খেলা, যা শুধুমাত্র একমাত্র কৌশলেই সফল হতে পারে।",
    "যখন সে বাজি ধরল, তখন তার চালের গভীরতা বুঝতে অনেক সময় লাগল।",
    "অলিখিত কৌশল ছিল তার বাজি, যা সকলকে অবাক করে দিয়েছিল।",
    "একটি বাজি হতে পারে, কিন্তু কৌশলটি কখনোই সহজ ছিল না।",
    "অদ্ভুতভাবে, বাজি ধরার পর তার চালটি তেমন কিছু পরিবর্তন আনতে পারেনি।",
    "সেই বাজি যেন ছিল এক মহাকাব্যিক কৌশল, যা সহজেই অনুমান করা যেত না।",
    "এই বাজির মধ্যে ছিল কিছু বিশেষ চাল, যা কেবলমাত্র বিশেষজ্ঞরা বুঝতে পারবে।",
    "অচেনা কৌশল হিসেবে তার বাজি কাজ করল, এবং শত্রুর পরিকল্পনা ভেঙে পড়ল।",
    "বাজি তার পরবর্তী চালের জন্য পরিকল্পিত ছিল, যা অনেকটা চমকপ্রদ ছিল।",
    "চাল হিসেবেই তার বাজি ছিল ত্রুটিহীন, কিন্তু কিছু সময় পর তা ব্যর্থ হয়ে গেল।",
    "বাজির পরবর্তী কৌশলটি ছিল এমন, যা সবাইকে দিশাহীন করে দিয়েছিল।",
    "বাজি ছিল একটি সুনির্দিষ্ট কৌশল, কিন্তু বাস্তবে তা কাজ করেছিল কিনা, সে প্রশ্ন থেকেই যায়।",
    "যতই বাজি ধরুক না কেন, তার কৌশল শেষ পর্যন্ত কাউকে বিভ্রান্ত করতে সক্ষম হয়নি।",
    "তার বাজি ছিল এক নিখুঁত চাল, যা একেবারে কাউকে অবাক করে দিল।",
    "এটি ছিল তার সবচেয়ে চালাক বাজি, কিন্তু শেষ মুহূর্তে তা ফেঁসে গিয়েছিল।",
    "বাজির পিছনে ছিল এক চিন্তাশীল কৌশল, যা দেখতে সহজ হলেও ছিল অত্যন্ত জটিল।",
    "এমনকি বাজির পরও, তার কৌশলই ছিল শেষ পর্যন্ত সফলতার চাবিকাঠি।",
    "কৌশলগত দিক থেকে তার বাজি নিখুঁত ছিল, কিন্তু বাস্তবতায় তা কাজে আসেনি।",
    "বাজি ধরার মাধ্যমে তার চালটি পরিষ্কার হয়ে গিয়েছিল, কিন্তু এখনই জয়ী হওয়া সম্ভব ছিল না।",
    "বাজির কৌশলটি ছিল এক ধরণের বিস্ময়, যার কোনও এক মুহূর্তে কাজ করেছিল।",
    "একটি বাজি ধরে সে এক নতুন ধরনের কৌশল নিয়ে মাঠে নেমেছিল।",
    "চাল বা কৌশল হিসেবে তার বাজিটি ছিল অতিরিক্ত ঝুঁকিপূর্ণ, কিন্তু শেষ পর্যন্ত সাফল্য এনে দিল।",
    "বাজির সময় সে যে চালটি দিয়েছিল, তা সম্পূর্ণ ভিন্ন ধরনের ছিল এবং সবাই অবাক হয়ে গিয়েছিল।",
    "চালটির মধ্যে যে বাজি ছিল, সেটি ছিল আক্রমণাত্মক কিন্তু মজবুত কৌশল।",
    "বাজি হিসেবে এই চালটি ছিল এক বিপদসংকুল কৌশল, যা অন্যদের জন্য বিপর্যয় সৃষ্টি করেছিল।",
    "বাজি ধরে সে এমন একটি চাল দিল, যা শত্রুর সম্পূর্ণ পরিকল্পনা ধ্বংস করে দিয়েছিল।",
    "বাজির সাথে যে কৌশলটি ছিল, তা একদমই ভিন্ন পথে নিয়ে গেল।",
    "বাজি ধরার সময় তার কৌশল ছিল এমন একটি রহস্য, যা সবাই উপলব্ধি করতে পারেনি।",
    "তার বাজি ছিল এক বিরল কৌশল, যা সবাই আগে কখনও দেখেনি।",
    "এটি তার একটি বড় বাজি ছিল, যেটি এমন একটি চাল ছিল যা অনেককে অবাক করেছে।",
    "তার বাজি ছিল একটি পরিপূর্ণ কৌশল, যা শেষ মুহূর্তে সফলতা এনে দেয়।",
    "তারা বাজি ধরেছিল, তবে কৌশলটি এতটাই সূক্ষ্ম ছিল যে তা অনেকেই বুঝতে পারেনি।",
    "এই বাজি ছিল একটি এমন কৌশল, যা একে একে সব দিক পরিবর্তন করে দিয়েছিল।",
    "বাজি না ধরলেও, তার পরবর্তী চালগুলো তার কৌশলটিকে সফল করেছে।",
    "বাজির মধ্যে যে কৌশল ছিল, সেটি তখনকার পরিস্থিতিতে আদর্শ ছিল।",
    "তাদের বাজি ছিল এক ধরনের কৌশল, যা অন্যদের ভোলাতে সক্ষম হচ্ছিল।",
    "তার বাজি ছিল এক ধরনের সুচিন্তিত কৌশল, যা দেখতে সরল হলেও ছিল অত্যন্ত জটিল।",
    "এটি ছিল তার জীবনের সবচেয়ে গুরুত্বপূর্ণ বাজি, যেখানে কৌশলটি তার পক্ষে ছিল।",
    "বাজির পর তার পরবর্তী চালটি ছিল এমন কিছু, যা অনুকূল ফলাফল দিচ্ছিল।",
    "তার বাজির কৌশলটি এমন ছিল যে, শত্রুদের কিছু করার সুযোগই ছিল না।",
    "বাজি জেতার পর, সে পরবর্তী কৌশল নিয়ে চিন্তা করতে লাগল।",
    "বাজি ধরার পর তার চাল ছিল এক ধরনের সূক্ষ্ম পরিকল্পনা, যা সফল হয়েছিল।",
    "সেই বাজির পর তার কৌশল ছিল এমন এক পরিকল্পনা, যা সবাই বুঝতে পারেনি।",
    "বাজি ধরার পর তার চাল ছিল এতটাই সঠিক, যে শত্রু একেবারে বিপর্যস্ত হয়ে পড়েছিল।",
    "এটি ছিল তার সবচেয়ে বড় বাজি, যেখানে কৌশলটি সম্পূর্ণ বিপরীত হয়ে দাঁড়াল।",
    "বাজির মধ্যে তার কৌশল ছিল এমন এক অদ্ভুত পন্থা, যা সবাইকে অবাক করে দিয়েছিল।",
    "তাদের বাজির জন্য মূল কৌশল ছিল একেবারে নতুন এবং বিপরীতমুখী।",
    "বাজি ধরার পর তার কৌশল ছিল এক দুর্দান্ত কৌশল, যা সবাই বুঝতে পারেনি।",
    "বাজি ধরে সে এমন একটি চাল দিয়ে খেলাটি বদলে ফেলেছিল।",
    "বাজি জেতার জন্য তার কৌশলটি ছিল অত্যন্ত চতুর, কিন্তু সঠিক সময়ে তা সঠিকভাবে কাজ করেছিল।"
  ]
},
{
  "sense": "জীবন পরিবর্তনকারী ঝুঁকি নেওয়া",
  "examples": [
    "তিনিও জানতেন, এই বাজি ধরলেই তার জীবনের দিক পাল্টে যাবে, কিন্তু তবুও তিনি পিছপা হননি।",
    "বাজি ধরে সে তার সব কিছু দান করে দিয়েছিল, ভবিষ্যতের প্রতি তার অনুপ্রেরণা ছিল এক অনন্য।",
    "অবিশ্বাস্য ঝুঁকি নিয়ে সেই বাজি ধরেছিল সে, এবং আজ তা তার জীবনের বড় পুরস্কার হয়ে দাঁড়িয়েছে।",
    "যতই বাজি ধরুক না কেন, তার মনের মধ্যে ছিল এক গভীর সংকল্প, যা তাকে এক নতুন জীবনে নিয়ে যায়।",
    "এটি ছিল তার জীবনের সবচেয়ে বড় বাজি, যেখানে সে সব কিছু হারাতে প্রস্তুত ছিল।",
    "এই বাজির মধ্যে শুধু তার ভবিষ্যৎই নয়, তার জীবনের সব কিছুই ঝুঁকির মুখে পড়েছিল।",
    "জীবনের এক গুরুত্বপূর্ণ মুহূর্তে বাজি ধরার সিদ্ধান্তটি ছিল এক মহৎ, অথচ বিপজ্জনক পদক্ষেপ।",
    "তার মনে বাজি ধরার সাহস ছিল, কারণ সে জানত না জীবন তাকে কী দিবে, তবে সে পিছু হটবে না।",
    "এটি ছিল এক নীরব বাজি, যেখানে তার সমস্ত আশা ও ভরসা ছিল এক পণ্যের ওপর।",
    "বাজি ধরার পর, সে জানত যে তার জীবনের শেষ পরিণতি সম্ভবত একেবারে অজানা।",
    "এটা তার জীবনের সবচেয়ে বড় বাজি ছিল, যেখানে সমস্ত কিছু ঝুঁকির মধ্যে ছিল।",
    "বাজি ধরার সাথে সাথে, তার জীবন এমন এক মোড়ে দাঁড়িয়ে গেল, যেখানে ছিল অনিশ্চয়তা এবং আশা।",
    "বাজি নিয়ে সে মনের মধ্যে একটি অদ্ভুত আত্মবিশ্বাস অনুভব করেছিল, যদিও ঝুঁকি ছিল মহাবিপজ্জনক।",
    "সত্যিকার অর্থে, সে বুঝেছিল যে এই বাজির ফলে তার জীবনে সবকিছু বদলে যাবে।",
    "একটি বাজি নিয়ে সে সিদ্ধান্ত নিয়েছিল, এবং তাতে তার সমস্ত কিছু বাজি ছিল।",
    "এটি ছিল তার জীবনের সবচেয়ে বড় বাজি, যেখানে তার প্রতিটি পদক্ষেপ ছিল জীবন-মরণ প্রশ্ন।",
    "বাজি ধরার পর, সে নিজের ভেতরে বিশ্বাস এবং সাহস খুঁজে পেয়েছিল, যা তাকে অন্যদের থেকে আলাদা করে তুলেছিল।",
    "এটি ছিল এক বিপজ্জনক বাজি, যা তাকে জীবনের গন্তব্যে নিয়ে গিয়েছিল।",
    "সে জানত যে এই বাজি তার জীবনের সবচেয়ে বড় সিদ্ধান্ত হতে চলেছে, এবং সে প্রস্তুত ছিল সেগুলো মোকাবিলা করতে।",
    "জীবনের বড় বাজি ধরার সিদ্ধান্তে তার সমস্ত আশা ছিল, কিন্তু পরিণতি ছিল অজানা।",
    "তার জীবনের বাজি ছিল এক চরম ঝুঁকি, যা তাকে নতুন এক দিগন্তে পৌঁছানোর সুযোগ দিয়েছিল।",
    "বাজি ধরার পর সে জানত না কি হবে, তবে তার জীবনের পথ যেন এক নতুন সূচনা হতে চলেছিল।",
    "জীবনের সব কিছু ঝুঁকির মধ্যে রেখে সে বাজি ধরেছিল, এবং পরিণতির জন্য সে প্রস্তুত ছিল।",
    "বাজি ধরার সময় সে শুধু নিজের ভবিষ্যৎকে নয়, বরং পুরা পরিবারকে বাজি রেখেছিল।",
    "একটি বড় বাজি ধরার পর, তার জীবন এক নতুন দিক থেকে দেখা শুরু হয়েছিল।",
    "বাজি ধরে সে জানত না তার কি হবে, তবে তার দৃঢ় বিশ্বাস ছিল যে এই ঝুঁকি তাকে সাফল্য এনে দিবে।",
    "বাজি ধরে, সে তার জীবনের পুরোটাই নতুন করে সাজানোর সিদ্ধান্ত নিয়েছিল।",
    "যতই ঝুঁকি থাকুক না কেন, বাজি ধরার সিদ্ধান্ত তার জীবনের সবচেয়ে সাহসী ছিল।",
    "সে জানত, এই বাজি তার সমস্ত কিছু চিরতরে পরিবর্তন করে ফেলতে পারে, কিন্তু তবুও সে সেই পদক্ষেপ নিয়েছিল।",
    "এটি ছিল এক ধরনের বাজি, যা তার জীবনে এক নতুন অধ্যায়ের সূচনা করেছিল।",
    "বাজি ধরার পর, সে বুঝতে পারল যে জীবনের সবচেয়ে বড় পছন্দগুলোর মধ্যে এটি অন্যতম।",
    "জীবনের সবকিছুকে একদিকে রেখে সে যে বাজি ধরেছিল, তা এক অজানা গন্তব্যের দিকে নিয়ে গিয়েছিল।",
    "বাজি ধরার পর তার জীবনে এক গভীর পরিবর্তন শুরু হয়েছিল, যা তার জন্য এক অদৃশ্য সম্ভাবনা তৈরি করেছিল।",
    "তার জীবনে সবচেয়ে বড় বাজিটি ছিল যখন সে সমস্ত কিছু ঝুঁকিতে ফেলেছিল, শুধু এক সঠিক সিদ্ধান্তের জন্য।",
    "বাজি ধরার পর তার জীবন যাত্রা পুরোপুরি পাল্টে গিয়েছিল, এবং সে নিজের ক্ষমতা বুঝতে পেরেছিল।",
    "বাজি ধরতে গিয়ে সে বুঝেছিল, এই সিদ্ধান্ত তার জীবনের গুরুত্বপূর্ণ অধ্যায় হতে পারে।",
    "এটি ছিল তার জীবনের সবকিছু নিয়ে ঝুঁকি নেওয়া একমাত্র বাজি, যা তাকে সত্যিকারভাবে জীবনের অর্থ বুঝিয়েছিল।",
    "বাজি ধরার পরে তার আত্মবিশ্বাস এমন এক স্তরে পৌঁছেছিল, যা সে আগে কখনো অনুভব করেনি।",
    "বাজি ধরার সিদ্ধান্তে তার ভেতর এক অদম্য শক্তি তৈরি হয়েছিল, যা তাকে জয়ী হতে সহায়তা করেছিল।",
    "এটি ছিল তার জীবনের সবচেয়ে বড় বাজি, যে বাজির ফলে তার কপালে বড় কিছু লেখাই ছিল।",
    "বাজি ধরার পর সে জানত যে তার জীবনের সেরা মুহূর্তটি অপেক্ষা করছে।",
    "তার জীবনে সবচেয়ে বড় বাজিটি ছিল যখন সে জীবনের সবকিছু একটি মাত্র সিদ্ধান্তের ওপর ঝুঁকেছিল।",
    "বাজি ধরার পর তার জীবন পুরোপুরি বদলে গিয়েছিল, এবং সে জানত না কিভাবে এটি হবে।",
    "এটি ছিল তার জীবনের এক কঠিন বাজি, যা ছিল অজানা ফলাফলের প্রতীক।",
    "জীবনের সব কিছু নিয়ে বাজি ধরার পর, সে নিশ্চিত ছিল যে তার সেরা সময় আসবে।",
    "বাজি ধরার পর তার সমস্ত সম্ভাবনা ঝুঁকির মধ্যে ছিল, কিন্তু তার আত্মবিশ্বাস ছিল অপরিসীম।",
    "বাজি ধরার পর সে জানত যে তার প্রতিটি পদক্ষেপ জীবনের জন্য গুরুত্বপূর্ণ।",
    "এটি ছিল এক মহৎ বাজি, যা তার জীবনকে নতুন দিকে নির্দেশিত করেছিল।",
    "বাজি ধরার সময় সে জানত না, তবে তার সমস্ত কিছু এক মুহূর্তে পরিবর্তন হয়ে যাবে।",
    "বাজি ধরার পর তার জীবনে যে নতুন পথ খুলে গিয়েছিল, তা তাকে অপ্রত্যাশিত গন্তব্যে নিয়ে গিয়েছিল।",
    "বাজি ধরার পর সে বুঝেছিল যে জীবনের সবচেয়ে বড় সিদ্ধান্তগুলি কখনো সহজ হয় না।",
    "জীবনের সব কিছু নিয়ে বাজি ধরার সময় তার মধ্যে এক অদ্ভুত রোমাঞ্চ কাজ করছিল।",
    "বাজি ধরার পর তার কাছে জীবন এক নতুন সম্ভাবনার দরজা খুলে গিয়েছিল।",
    "এটি ছিল তার জীবনের সবচেয়ে গুরুত্বপূর্ণ বাজি, যে বাজির মাধ্যমে সে একটি নতুন যুগে প্রবেশ করেছিল।",
    "বাজি ধরার পর তার সমস্ত কিছু বদলে গিয়েছিল, তবে সে জানত এটি তার সেরা সিদ্ধান্ত।"
  ]
}




 ]
}