{
"word":"স্বামী",
"senses": [
    {
  "sense": "পত্নীর জীবনসঙ্গী (স্বামী-স্ত্রীর সম্পর্ক)",
  "examples": [
    "সতী সাবিত্রী স্বামীকে জীবনে সর্বশ্রেষ্ঠ আশ্রয় মনে করতেন।",
    "আলোছায়ার জীবনে তার স্বামীই ছিল একমাত্র অবলম্বন।",
    "চিঠির পাতায় পাতায় স্বামীর অনুপস্থিতির হাহাকার ফুটে উঠেছে।",
    "কান্নাজড়িত চোখে সে স্বামীর ছবি জড়িয়ে ধরল।",
    "প্রতিটি পূর্ণিমায় স্বামীর জন্য উপোস করতেন সে।",
    "অনুরাগের কথা বলতে গিয়ে স্বামীকে ভুলে যাননি কবি।",
    "তার স্বামী ছিল সাহেবি চাকরির লোক, খুব রাশভারী।",
    "কবিতার নায়িকাটি স্বামীর মৃত্যুশোক ভুলতে পারেনি।",
    "স্বামীর আদরে সে যেন নতুন জীবন পেয়েছিল।",
    "নাটকের দৃশ্যে স্বামীকে হারানো স্ত্রীর আহাজারি হৃদয় বিদারক।",
    "তার মুখে স্বামীর প্রশংসা শুনে মনে হয়, ভালোবাসা এখনো বেঁচে আছে।",
    "চিঠিতে স্বামীর লেখা কাব্যের ছন্দে সে প্রতিদিন হারিয়ে যেত।",
    "রবীন্দ্রনাথের লেখায় এক স্ত্রীর নিঃশব্দ স্বামীপ্রেম উঠে এসেছে নিপুণভাবে।",
    "স্বামীর বিরহে চোখ দুটি যেন শুকিয়ে গেছে।",
    "বিবাহরাত্রির স্মৃতিচারণে স্বামীই প্রথম উঠে এলো।",
    "স্বামী হঠাৎ দেশান্তরে চলে গেলে সংসার যেন ছিন্নমূল হলো।",
    "অপেক্ষার ঘরটিতে সে স্বামীর প্রতীক্ষায় বসে থাকত সন্ধে থেকে রাত অবধি।",
    "রাখির দিনে সে ভাইয়ের জন্য নয়, স্বামীর মঙ্গল চেয়েছিল।",
    "বাউলের গানে স্ত্রীর আকুতি থাকে তার প্রবাসী স্বামীর জন্য।",
    "স্বামীকে নিয়ে তার গর্বের অন্ত নেই।",
    "জন্মাষ্টমীতে সে স্বামীর দীর্ঘায়ু কামনা করে উপবাস করত।",
    "মহাভারতের দ্রৌপদীর পঞ্চ স্বামী ছিল অনন্য ব্যাখ্যার বিষয়।",
    "মেয়েটি স্বামীর কাছে সব কথা গোপন রাখত না।",
    "স্বামীর স্মৃতিচারণায় লেখা তার ডায়েরির প্রতিটি পাতাই জ্বলজ্বল করে।",
    "আলো-আঁধারির গল্পে স্বামীকে নিয়ে বহু কল্পনার উড়ান দেখা যায়।",
    "স্বামী হারিয়ে তার জীবনটা যেন ছায়া হয়ে গেল।",
    "জীবনের খাতা খুললে স্বামীর নামটাই প্রথমে উঠে আসে।",
    "রবিবার দুপুরে সে স্বামীর সঙ্গে গল্প করতে খুব ভালোবাসত।",
    "স্বামীর ভালোবাসা পেয়ে সে নিজেকে পরিপূর্ণ মনে করত।",
    "প্রতিদিন সন্ধ্যায় স্বামীর জন্য একটি প্রদীপ জ্বালানো ছিল তার অভ্যাস।",
    "কবিতায় স্বামীকে সঙ্গী করে হেমন্তের কথা বলা হয়েছে।",
    "স্বামীর আদর পেয়ে মুখে লাজের হাসি ফুটে উঠল।",
    "স্বামীকে নিয়ে গল্পে যে অনুভবের প্রকাশ, তা বাস্তবকে ছুঁয়ে যায়।",
    "শরতের নীল আকাশে স্বামীর আগমনের আশায় চেয়ে থাকত সে।",
    "স্বামীর অনুপস্থিতিতে সে যেন নিঃসঙ্গতার ছায়া।",
    "জ্যোৎস্নারাতে তার স্বামী ফিরল যুদ্ধক্ষেত্র থেকে।",
    "বিধবার শোক শুধু স্বামী হারানো নয়, আত্মপরিচয় হারানোরও।",
    "বৃষ্টির শব্দে স্বামীর গলার আওয়াজ মনে পড়ে যায়।",
    "পুজোর সকালে সে প্রথম ফুল তুলত স্বামীর পায়ে দেওয়ার জন্য।",
    "গল্পের চরিত্রটি স্বামীর বিশ্বাসঘাতকতায় ভেঙে পড়েছিল।",
    "স্বামীর মৃত্যু তাকে জীবনের দিক পরিবর্তন করতে বাধ্য করেছিল।",
    "তার জীবনের সবচেয়ে মূল্যবান উপহার ছিল স্বামীর ভালোবাসা।",
    "স্বামীকে নিয়েই তার জীবনের প্রতিটি স্বপ্ন গাঁথা।",
    "নাটকে স্বামীর জন্য স্ত্রীর আত্মত্যাগ দৃষ্টান্ত হয়ে দাঁড়িয়েছে।",
    "স্বামীর অনুরাগে সে সংসারের সমস্ত কষ্ট হাসিমুখে সহ্য করেছে।",
    "একটা সময় ছিল, যখন স্বামীর আদরের কথায় সে গান গাইত।",
    "স্বামীকে নিয়ে সে লিখেছে শত শত চিঠি, কোনোটি পাঠানো হয়নি।",
    "সমুদ্রতীরে বসে স্বামীর হাত ধরে স্বপ্ন দেখেছিল সে।",
    "স্বামীর কথা বলতেই তার চোখ জলে ভিজে ওঠে।",
    "চোখ বন্ধ করলেই স্বামীর হাসিমুখ মনে পড়ে যায়।",
    "প্রেমের কবিতায় স্বামীর উপস্থিতি ছিল ছায়ার মতো।"
  ]
},
{
  "sense": "গুরু বা আধ্যাত্মিক নেতা",
  "examples": [
    "আশ্রমে এসে তিনি স্বামীজীর কৃপা লাভ করেন।",
    "তার জীবনের পথনির্দেশক হয়ে ওঠেন স্বামী পরমহংস।",
    "সন্ধ্যায় স্বামীর বক্তৃতা শুনে আত্মা আলোড়িত হয়ে ওঠে।",
    "বেদান্ত সভায় উপস্থিত সকলেই স্বামী বিবেকানন্দকে শ্রদ্ধায় স্মরণ করলেন।",
    "দীর্ঘ ধ্যানের পর স্বামীই তাকে আত্মবোধের পথে নিয়ে গিয়েছিলেন।",
    "তীর্থযাত্রার সময় স্বামীর সঙ্গে এক গভীর যোগ অনুভব করেন।",
    "যখনই জীবনভরে ভ্রান্তি এসেছে, স্বামীর উপদেশেই তিনি আলোকের সন্ধান পেয়েছেন।",
    "উপনিষদের ব্যাখ্যায় স্বামীর জ্ঞানের প্রগাঢ়তা স্পষ্ট।",
    "পাণ্ডুলিপির শেষ পাতায় স্বামীজীর উক্তি লেখা ছিল।",
    "তাঁর প্রবন্ধে স্বামী রামকৃষ্ণদেবের চিন্তাধারা ফুটে উঠেছে।",
    "শ্রাবণের সন্ধ্যায় স্বামীজীর কণ্ঠস্বর ভরে তোলে সমগ্র অরণ্য।",
    "স্বামীর শিক্ষায় সে ছাড়তে পেরেছিল মোহ ও আকর্ষণ।",
    "পথহারা যুবককে স্বামী চিন্ময়ানন্দ উদ্ধার করেছিলেন।",
    "তীর্থস্থান ঘুরে এসে সে বলল, স্বামীর সান্নিধ্যই ছিল প্রকৃত পূজা।",
    "রবীন্দ্রনাথের লেখাতেও স্বামীদের আধ্যাত্মিক প্রজ্ঞার দৃষ্টান্ত পাওয়া যায়।",
    "আশ্রমের ছায়াঘেরা বারান্দায় স্বামী দাঁড়িয়ে ছিলেন ধ্যানমগ্ন।",
    "স্বামীর জীবনাদর্শে দীক্ষিত হয়ে সে সমাজসেবায় ঝাঁপিয়ে পড়ে।",
    "আত্মজিজ্ঞাসার প্রথম পাঠটি সে স্বামীর কাছেই পেয়েছিল।",
    "ধর্মগ্রন্থের পাণ্ডিত্য স্বামীর মুখে যেন জীবন্ত হয়ে উঠত।",
    "ভক্তিমূলক গান গাওয়ার সময়ও স্বামীকে কেন্দ্র করেই আবেগ প্রবাহিত হতো।",
    "স্বামীজীর মহাপ্রয়াণে সে যেন পিতৃহীন বোধ করল।",
    "আধ্যাত্মিক চর্চায় নিযুক্তদের মধ্যে স্বামীর প্রভাব ছিল সর্বাধিক।",
    "স্বামীর লেখা চিঠিগুলো সে ধর্মগ্রন্থের মতো করে পড়ত।",
    "আলোকের সন্ধানে বেরিয়ে শেষে স্বামীর দর্শনেই তার পরিতৃপ্তি এল।",
    "স্বামীর প্রসঙ্গ এলে সে শ্রদ্ধায় মাথা নিচু করত।",
    "তীর্থযাত্রায় একমাত্র আশ্রয় ছিল স্বামীর প্রেরণা।",
    "সাধনার শিখরে পৌঁছেও সে স্বামীর শিক্ষাকে ভোলেনি।",
    "গভীর নিস্তব্ধতায় স্বামীর ধ্যানচর্চা তাকে নতুন করে ভাবিয়ে তুলল।",
    "স্বামী কেবল গুরু নন, তার জন্য ছিলেন আলোর পথিক।",
    "তার লেখায় স্বামী সর্বদা একজন আত্মদ্রষ্টা রূপে চিত্রিত।",
    "দীর্ঘ আত্মসংযমের পর স্বামীর কৃপায় সে সত্য উপলব্ধি করতে পারে।",
    "স্বামীকে নিয়ে তার স্মৃতিকথা যেন এক আধ্যাত্মিক ভ্রমণপথ।",
    "গভীর অরণ্যে আশ্রমে স্বামীর সঙ্গে প্রথম সাক্ষাৎ হয়েছিল তার।",
    "স্বামী শুধু দর্শনের শিক্ষক নন, তিনি একজন পরম স্নেহময় অভিভাবক।",
    "তাকে বলেছিলাম, এই পথেই স্বামীজী হেঁটেছিলেন একদা।",
    "আলোছায়া জীবনে স্বামীর বাণী হয়ে ওঠে স্থায়ী দীপশিখা।",
    "ব্রহ্মচর্যের আদর্শ স্বামী তাকে বাস্তবজীবনে প্রয়োগ করতে শিখিয়েছিলেন।",
    "স্বামী থাকতেন আশ্রমের শেষ প্রান্তের ছোট্ট কুটিরটিতে।",
    "তাঁর জবানিতে স্বামীর বাণী যেন বহতা নদীর মত প্রবাহিত হতো।",
    "স্বামীকে দেখলেই মনে হতো, তিনি আত্মিক শান্তির প্রতিমূর্তি।",
    "সাহিত্যিক ভাষায় নয়, স্বামীর কণ্ঠে সব ধর্ম ছিল প্রাণবন্ত।",
    "প্রথমবার স্বামীজীর দর্শনে সে এতটাই আবেগপ্রবণ হয়েছিল যে, বাকরুদ্ধ হয়ে পড়ে।",
    "প্রাণপণ চেষ্টা করেও সে স্বামীকে ছাড়িয়ে কিছু ভাবতে পারেনি।",
    "পল্লীগ্রামের মানুষ স্বামীর জন্য প্রতিদিন অপেক্ষা করত উপদেশ শোনার আশায়।",
    "ধর্মসভায় স্বামী যখন বক্তব্য রাখতেন, চারপাশ নিঃশব্দে মগ্ন হয়ে যেত।",
    "তাঁর চোখে ছিল স্বামীর প্রতি অসীম শ্রদ্ধা ও কৃতজ্ঞতা।",
    "স্বামীর মতই সে নিজেও পরে ধর্মদূত হয়ে ওঠে।",
    "প্রেম-ভক্তির ব্যাখ্যা করতে গিয়ে সে স্বামীর নাম নিয়ে আবেগাপ্লুত হয়।",
    "তীর্থে গিয়ে কেউ যদি স্বামীজীর স্মৃতির পাশে দাঁড়ায়, নিঃশব্দ ধ্যানেই সে অভিভূত হয়।",
    "শান্তির আশায় সে স্বামীজীর আদর্শে আশ্রয় নিয়েছিল।",
    "স্বামীর পথ ধরেই একদিন সে গৃহত্যাগ করেছিল।"
  ]
},
{
  "sense": "মালিক বা অধিকারী ব্যক্তি",
  "examples": [
    "এই প্রাসাদের স্বামী ছিলেন রাজা দ্বিজেন্দ্রনাথ।",
    "উপনিবেশটির স্বামী দীর্ঘদিন বিদেশে অবস্থান করছিলেন।",
    "সে গর্বভরে বলল, 'এই জমির স্বামী আমি নিজেই।'",
    "গোয়ালঘরটির স্বামী এখন শহরে থাকে।",
    "গাছপালার যত্নে যে লোক নিয়োজিত, আসলে সে নয় স্বামী এই বাগানের।",
    "হাতির পিঠে বসা লোকটি পশুশালার স্বামী।",
    "গ্রন্থাগারটি যিনি স্থাপন করেছিলেন, তিনিই তার প্রকৃত স্বামী।",
    "চাষের জমি বর্গাদারকে দিয়েছে জমির স্বামী স্বেচ্ছায়।",
    "গহন অরণ্যের মধ্যে একটি কুটির যার স্বামী এক সাধু ব্যক্তি।",
    "রথযাত্রার সজ্জার স্বামী হলেন রামচন্দ্র মিশ্র।",
    "নদীর তীরবর্তী সেই ভাঙাচোরা বাড়িটির স্বামী বহু বছর আগে মারা গেছেন।",
    "সোনার অলংকারগুলো স্বামীর সম্পত্তি ছিল, উত্তরাধিকারীরা তা দাবি করছে।",
    "নবাবের প্রাসাদে বসে মনে হলো, এর স্বামী এখন ইতিহাস।",
    "এই পুকুরের স্বামী যে, সে থাকত উত্তর পাড়ার ঘরে।",
    "নাট্যমঞ্চের স্বামী নিজেই এক সুদক্ষ নাট্যকার।",
    "অর্থভাণ্ডারের স্বামী হওয়ায়, সে সব সিদ্ধান্ত একাই নেয়।",
    "দালানের স্বামী না থাকায়, উত্তরাধিকার নিয়ে মামলা চলছে।",
    "মন্দিরটির স্বামী ছিলেন এক রাজপুত্র, যিনি সন্ন্যাস গ্রহণ করেন।",
    "সে বলল, 'আমি এই খামারের স্বামী, এখানকার সবই আমার নিয়ন্ত্রণে।'",
    "তাঁর কথা শুনে বোঝা গেল তিনি বইটির স্বামী অর্থাৎ লেখক।",
    "এই মহালক্ষ্মীর মন্দিরের স্বামী আজও অজ্ঞাত।",
    "ছোট্ট দোকানটির স্বামী দাঁড়িয়ে ছিলেন দরজার পাশে।",
    "আশ্রয়হীন সেই বাড়ির স্বামী এক সময় গ্রামপঞ্চায়েত প্রধান ছিলেন।",
    "বাগানবাড়িটির স্বামী ছিলেন যাঁর স্মৃতিতে এই গান রচিত হয়েছে।",
    "রুপার বাসনগুলো যার ছিল, তিনি ছিলেন এক জমিদার স্বামী।",
    "প্রদীপের আলোয় দেখা গেল, বাড়ির স্বামী অনেক আগেই ত্যাগ করেছেন সংসার।",
    "পোষা হাতিটির স্বামী তাকে স্নেহ করতেন নিজের সন্তানের মতো।",
    "পাণ্ডুলিপিটি যার ছিল, তিনিই এই সৃজনের স্বামী।",
    "হাতলওয়ালা সেই পিতলের লণ্ঠনের স্বামী কে, কেউ জানে না।",
    "পশ্চিমঘরের জমির স্বামী নিয়ে দ্বন্দ্ব শুরু হয়েছে।",
    "এই পুরাতন রেলবাড়ির স্বামী এককালীন রেলকর্মচারী ছিলেন।",
    "আলপথের ধারে দাঁড়ানো চায়ের দোকানটির স্বামী গান গাইতে ভালবাসে।",
    "গৃহস্থালির আসবাব যার, সে ছিল এক নিঃসঙ্গ স্বামী।",
    "এই পরিত্যক্ত পাটকলের স্বামী এখন বিদেশে ব্যবসা করছে।",
    "অন্তঃপুরের অলংকারের স্বামী হওয়া সহজ নয়।",
    "ভাঙা ঘাটের স্বামী নদীর প্রবাহকে নিয়ন্ত্রণ করত।",
    "ধ্বংসাবশেষের মধ্যেও স্বামীর অস্তিত্ব অনুভব করা যায়।",
    "এই ঝর্নাটির স্বামী কে, কেউ সে নাম আর মনে রাখে না।",
    "সেই মহলে কেউ ছিল না, শুধু স্বামীর অদৃশ্য ছায়া ঘুরে বেড়াচ্ছিল।",
    "চিত্রকর্মগুলোর স্বামী এক নিভৃতচারী শিল্পী ছিলেন।",
    "সেই সোনালি থালার স্বামী আজও খোঁজে এক গবেষক।",
    "এই গানের স্বামী কে, তা নিয়ে দুই পাণ্ডিত্যের মধ্যে তর্ক শুরু হয়।",
    "যার নির্দেশে নীলকুঠি স্থাপিত হয়, তিনিই এর প্রথম স্বামী।",
    "যে নীল রঙের পালঙ্কটি পড়ে আছে, সেটির স্বামী একদা বড়লোক ছিল।",
    "তালাবন্ধ সেই ঘরের স্বামী এখন কেবল স্মৃতিতে বেঁচে আছে।",
    "বালির বুকে কেল্লার স্বামী ছিলেন ইতিহাসের এক বিখ্যাত যোদ্ধা।",
    "তিনশো বছরের পুরোনো এই দেউলটির স্বামী কে, তা নিয়ে কেবল গল্প রটে।",
    "দূরের বিলে যে নৌকো বাঁধা, তার স্বামী এখন বৃদ্ধাশ্রমে বাস করেন।",
    "শহরের সেই ধনী লোকই ছিলেন বাজারের মূল স্বামী।",
    "এই গাঁথার স্বামী ছিলেন, যার কলমে প্রাণ পেত প্রতিটি শব্দ।"
  ]
},
{
  "sense": "আধ্যাত্মিকভাবে আত্মসমর্পণকারী সন্ন্যাসী বা যোগী",
  "examples": [
    "আশ্রমে পৌঁছাতেই দেখা গেল, স্বামী রামানন্দ গভীর ধ্যানে নিমগ্ন।",
    "তপোবনে বসে স্বামী শিবানন্দ প্রতিদিন ভক্তদের জ্ঞান দান করতেন।",
    "বনবাসী সেই স্বামীর চরণধূলি নিতে ভক্তরা প্রতিদিন ভিড় করত।",
    "শান্ত নদীর তীরে ধ্যানরত ছিলেন স্বামী পরমানন্দ।",
    "দীর্ঘ অনুশীলনের পর স্বামী তেজানন্দের কণ্ঠে যেন অদ্ভুত বল।",
    "ভগবৎ চিন্তায় নিমগ্ন স্বামী বেদানন্দ আশ্রমে বাস করতেন।",
    "বটবৃক্ষতলে বসে স্বামী অদ্বৈতানন্দ শাস্ত্র পাঠ করছিলেন।",
    "পাণ্ডিত্য ও প্রেমের অপূর্ব সংমিশ্রণ ছিল স্বামী রঘুনাথের মধ্যে।",
    "তীর্থযাত্রায় বেরোনোর আগে স্বামী ভগবতানন্দ সবার কাছে আশীর্বাদ চাইলেন।",
    "ভক্তরা বলতেন, এই গুহার বাসিন্দাই স্বামী সিদ্ধেশ্বর।",
    "গ্রন্থের প্রতিটি বাক্যে যেন মিশে রয়েছে স্বামী যোগারাজের আধ্যাত্মিক অভিজ্ঞতা।",
    "স্বামী আশুতোষ আনন্দ-ভক্তির মাধ্যমে সবার হৃদয় জয় করেছিলেন।",
    "গম্ভীর কণ্ঠে স্বামী বলেছিলেন, 'আত্মাকে চিনো, ঈশ্বরকে জানো।'",
    "চন্দনের গন্ধে মিশে ছিল স্বামী দেবকানন্দের উপস্থিতির অনুভূতি।",
    "প্রচণ্ড ঝড়েও ধ্যানচ্যুত হননি স্বামী ব্রহ্মানন্দ।",
    "তার ভাষণ শুনে সবাই বুঝল, স্বামী কেবল জ্ঞানী নন, প্রেমময়ও।",
    "সন্ধ্যার আগেই স্বামী ধরমদাস কুটিরে ফিরে আসতেন উপবাসভঙ্গের আগে।",
    "স্বামী শ্রীকৃষ্ণদাসের আশ্রমে আজও প্রতিদিন পাঠ হয় উপনিষদের।",
    "নিঃশব্দে বসে থাকা সেই বৃদ্ধই ছিলেন স্বামী আনন্দসাগর।",
    "স্বামী পূর্ণানন্দ বলতেন, 'ভগবান যেখানে, ভয় সেখানে নেই।'",
    "তাঁর শিষ্যরা স্বামী সিদ্ধার্থকে দেবতা রূপেই মানত।",
    "পাহাড়চূড়ায় ধ্যানরত স্বামীর দিকে তাকিয়ে পথিক অভিভূত হয়ে যায়।",
    "ঈশ্বরপ্রেমে অদ্বিতীয় ছিলেন স্বামী বেদব্রত।",
    "যমুনার ধারে গীতার পাঠে রত ছিলেন স্বামী দেবপ্রিয়।",
    "স্বামীজির অঙ্গভঙ্গি দেখেই বুঝা যেত, অন্তরজগতে তিনি লীন।",
    "সেই ঋষিসদৃশ স্বামী ধীরভাবে বলেছিলেন, 'ভবিষ্যৎ নয়, বর্তমানেই ঈশ্বর।'",
    "স্বামী বালকানন্দের উপস্থিতিতে আশ্রম যেন জাগরিত থাকত সদাই।",
    "অরণ্যের নিস্তব্ধতাকে ছেদ করতেন কেবল স্বামীর মৃদু জপধ্বনি।",
    "স্বামী রাজেন্দ্রনাথ তাঁর দীক্ষা দিয়েছিলেন নিঃশব্দেই।",
    "অমাবস্যার রাতে কুটিরে বসে জপ করছিলেন স্বামী সূর্যবান।",
    "জ্যোৎস্নার আলোয় ধ্যানরত স্বামীর মুখমণ্ডল দীপ্ত হয়ে উঠেছিল।",
    "স্বামী জ্ঞানেশ্বর বলতেন, 'পরম জ্ঞান আত্মচিন্তার মধ্যেই নিহিত।'",
    "গভীর রাতে ধূপধূনার গন্ধে ভরে উঠত স্বামী নিরঞ্জনের শয়নকক্ষ।",
    "জিজ্ঞাসা করা হলে স্বামী বললেন, 'আমি শুধু ঈশ্বরের সেবক।'",
    "ঐতিহাসিক সেই গ্রন্থের রচয়িতা ছিলেন স্বামী কালিদাসানন্দ।",
    "সদালাপী স্বামী করুণানন্দ ভক্তদের সাথে গল্প করতেন ছায়াতলে।",
    "সাহিত্যে পারদর্শিতা ও আধ্যাত্মিকতায় স্বামী পূর্ণশ্রী ছিলেন অতুলনীয়।",
    "কাঠের চটিতে হেঁটে আশ্রম পরিদর্শন করতেন স্বামী কৌশিকানন্দ।",
    "ধূলিধূসরিত পথ দিয়ে আসতে দেখা গেল স্বামী কাশীনাথকে।",
    "স্বামী হৃষীকেশ প্রতিদিন নিজেই রান্না করে শিষ্যদের খাওয়াতেন।",
    "সেই গোপন পাণ্ডুলিপির সন্ধান পেয়েছিলেন স্বামী ব্রহ্মদেব।",
    "স্বামী বিজয়ানন্দ বলতেন, 'সত্যের চেয়ে বড় কিছু নেই।'",
    "রাত্রে স্বামীর পাঠ শুরু হতো জ্যোৎস্নালোকেই।",
    "স্বামী বিবেকানন্দের আদর্শ আজও অনুপ্রাণিত করে হাজার মানুষকে।",
    "শান্ত কণ্ঠে বললেন স্বামী, 'ঈশ্বর হৃদয়েই বাস করেন।'",
    "দীর্ঘ জপশেষে, স্বামী চোখ মেললেন ধ্যানমগ্ন দৃষ্টিতে।",
    "পাহাড়ি পথে হেঁটে চলেছেন একান্তে স্বামী।",
    "স্বামী কান্তিবাবার স্মরণে আজ আশ্রমে উপবাস পালন করা হয়।",
    "গীতার প্রতিটি শ্লোকে স্বামী অনুভব করতেন ঈশ্বরের সান্নিধ্য।",
    "অন্তর্জগতের আলোয় উদ্ভাসিত ছিলেন স্বামী তপোবনানন্দ।",
    "স্বামী বিনয়ানন্দ বলতেন, 'ত্যাগই প্রকৃত শক্তি।'"
  ]
}




 ]
}