{
"word":"অর্থ",
"senses": [
   {
  "sense": "মূল্য",
  "examples": [
    "মানুষের জীবনের অর্থ অনেক বেশি, কিন্তু অনেকেই তা বুঝতে পারে না।",
    "অর্থের জন্য নিজের আত্মসম্মান বিক্রি করা কখনোই সঠিক নয়।",
    "ভালবাসার মূল্য কখনোই অর্থে পরিমাপ করা যায় না।",
    "তোমার কাজের মূল্য তুমি নিজেই জানো, অন্যরা তা কখনো বুঝবে না।",
    "অর্থের লোভ মানুষের অন্তরে অশান্তি সৃষ্টি করে, এর মূল্য অনেক গুণ বেশি।",
    "প্রকৃত সুখের মূল্য পৃথিবীর সমস্ত ধন-সম্পদের চেয়ে অনেক বেশি।",
    "জীবনের সবচেয়ে বড় শিক্ষা হচ্ছে, মূল্যবান সময়ের সদ্ব্যবহার করা।",
    "তাঁর প্রতি আস্থা এবং বিশ্বাসের মূল্য কখনোই টাকার মূল্য থেকে কম নয়।",
    "মাতৃভাষার প্রতি আমাদের শ্রদ্ধার মূল্য বিশাল, যা বলার মত নয়।",
    "প্রকৃত বন্ধুদের মূল্য আসলেই অমূল্য, তাদের কথা কখনো ভুলে যেও না।",
    "মানবিক মূল্যবোধের চেয়ে বড় কিছু নেই, সমস্ত কিছুর ঊর্ধ্বে।",
    "যখন তুমি দুঃসময়ে পড়বে, তখন মানুষের সহানুভূতির মূল্য বুঝতে পারবে।",
    "অর্থের দিক থেকে তুমি যতই বড় হোক না কেন, প্রকৃত সুখের মূল্য অন্য জায়গায়।",
    "শিক্ষার মূল্য অমূল্য, যা তোমাকে সারা জীবন সাহায্য করবে।",
    "প্রকৃত প্রেমের মূল্য তার গভীরতা বুঝে তার উপকারিতা তুমি টের পাবে।",
    "জীবনের সুখের মূল হচ্ছে শান্তি, যা তোমার আত্মাকে প্রশান্ত করবে।",
    "সত্যের মূল্য কখনোই মিথ্যার চেয়ে কম নয়, তা সবার কাছে প্রকাশ পায়।",
    "বিশ্ববিদ্যালয়ে পড়াশোনার মূল্য একদিন তোমাকে বড় করে তুলবে।",
    "অতিথির প্রতি সম্মান এবং স্নেহের মূল্য অর্থের থেকেও গুরুত্বপূর্ণ।",
    "কষ্টের সময়ে বন্ধুদের সাহায্য সবথেকে বেশি মূল্যবান।",
    "সমাজে মানুষের সম্মানের মূল্য এর কর্মের মধ্যে প্রমাণিত হয়।",
    "আমাদের দেশের ঐতিহ্যের মূল্য আমাদের ঐক্য এবং ভালোবাসায় নিহিত।",
    "বিশ্ববিদ্যালয়ে অর্জিত জ্ঞান আর পরিশ্রমের মূল্য জীবনের বড় অঙ্গ।",
    "বড় লক্ষ্যে পৌঁছানোর জন্য সঠিক সিদ্ধান্তের মূল্য অপরিসীম।",
    "দেশপ্রেমের মূল্য জাতির প্রতি একনিষ্ঠ ভালোবাসা থেকে আসে।",
    "প্রকৃত সুখের মূল্য ত্যাগ ও আত্মবিশ্বাসের মধ্যে নিহিত থাকে।",
    "নিজের সম্মানের মূল্য তুমি নিজের মধ্যে খুঁজে পাবে।",
    "তোমার গন্তব্যে পৌঁছানোর পথে কখনোই আত্মবিশ্বাসের মূল্য কমানো উচিত নয়।",
    "একটা ভালো কাজের মূল্য অপরিসীম, যে কাজটি সমাজের কল্যাণে আসে।",
    "ধন-সম্পদকে ভালোভাবে ব্যবহার করতে পারলে তার মূল্য তোমার জীবনকেই বদলে দিবে।",
    "ধৈর্য্য এবং সততার মূল্য সবচেয়ে বড়।",
    "একটি ভালো পরিকল্পনার মূল্য বড়, কারণ সেটিই তোমার সাফল্যের চাবিকাঠি।",
    "প্রাকৃতিক সৌন্দর্যের প্রতি শ্রদ্ধার মূল্য সবার কাছেই থাকবে।",
    "শৃঙ্খলা এবং কঠোর পরিশ্রমের মূল্য তোমার অর্জনে ধরা পড়বে।",
    "বিশ্ববিদ্যালয়ে পড়া মানে শুধুমাত্র শিক্ষার মূল্য অর্জন নয়, বরং মানবিক গুণাবলীরও মূল্য শিখা।",
    "পরিবারের সম্মান ও মূল্য কখনোই অর্থের চেয়ে কম নয়।",
    "সাহিত্যের সত্যিকার মূল্য হৃদয়ের গভীরে নিহিত।",
    "একটি সুন্দর বইয়ের মূল্য তার ভাষার সৌন্দর্য এবং চিন্তার গভীরতার মধ্যে লুকিয়ে থাকে।",
    "প্রকৃত বন্ধুদের মূল্য কখনোই পরিবর্তিত হয় না, যাই ঘটুক।",
    "প্রেমের সত্যিকার মূল্য হল একে অপরকে বুঝে নেওয়া এবং মেনে নেওয়া।",
    "বিশ্ববিদ্যালয়ের অধ্যয়নের মূল্য যে অমূল্য জ্ঞান অর্জন করবে, তা জীবনে সহায়ক হবে।",
    "নিজের প্রকৃত শক্তির মূল্য সবার কাছে জানা যায় যখন তুমি তা কাজে লাগাও।",
    "মানুষের আত্মবিশ্বাসের মূল্য কোন অবস্থাতেই কম হওয়া উচিত নয়।",
    "শান্তির মূল্য কখনোই সস্তা নয়, এটি অর্জন করতে কঠোর পরিশ্রম প্রয়োজন।",
    "অন্যের সাহায্য ছাড়া জীবনে কখনোই মূল্যবান কিছু অর্জন করা সম্ভব নয়।",
    "তুমি যদি কারো জন্য মূল্যবান হয়ে থাকো, তবে তার প্রতি বিশ্বাস অনেক বড় হয়ে দাঁড়ায়।",
    "বিশ্ববিদ্যালয়ের শিক্ষা সমাজে তুমি যে মূল্যবান ভূমিকা পালন করবে, তা নির্ধারণ করে।",
    "আত্মবিশ্বাসের মূল্য একজন মানুষের ভিতর দিয়ে বেরিয়ে আসে তার কর্মকাণ্ডে।",
    "একজন মানুষের সাধনা এবং আদর্শের মূল্য অপরিসীম, সে যা করে তা অন্যদের জন্য উজ্জ্বল পথ দেখায়।",
    "যত বড় ব্যর্থতা হোক না কেন, তার মূল্য তোমার প্রতিক্রিয়ায় নির্ধারিত হবে।",
    "পৃথিবীর সবচেয়ে বড় শিক্ষা হল মূল্যবোধে অটল থাকা।"
  ]
},
{
  "sense": "মানে",
  "examples": [
    "তাদের কথা শুনে মনে হলো, এই কাজের পেছনে আসল অর্থ ছিল কিছু গভীর পরিকল্পনা।",
    "এই ছোট্ট বাক্যের মধ্যে যে অর্থ ছিল, তা আমরা তৎক্ষণাৎ বুঝতে পারিনি।",
    "তোমার এই অস্থিরতা কোনো অর্থ বহন করে না, এটা শুধু মুহূর্তের আবেগ।",
    "আমরা যে পন্থা বেছে নিয়েছি, তার অর্থ কিন্তু অনেক বড় ছিল, যা অনেকেই বুঝতে পারেনি।",
    "তোমার চোখের দিকে তাকালে মনে হয়, এর পেছনে কোনো বিশেষ অর্থ আছে, তবে তুমি কিছু বলছ না।",
    "এটা শুধুমাত্র একটা প্রশ্ন নয়, এর মধ্যে একটা বিশেষ অর্থ লুকানো আছে।",
    "যখন তুমি বলেছিলে, 'আমি তোমার পাশে আছি', তখন তার মধ্যে যে অর্থ ছিল, তা অনেক গভীর।",
    "এই কাজটি আমাকে অনেক কিছু শিখিয়েছে, যার অর্থ আমার জীবনে নতুন দিগন্ত খুলে দিয়েছে।",
    "তোমার মুখের অভিব্যক্তি থেকেই বুঝতে পারলাম, তুমি যা বলছ তার পেছনে অনেক বড় অর্থ রয়েছে।",
    "এখনকার যে পরিস্থিতি, তার অর্থ তুমি আরও পরে পুরোপুরি বুঝতে পারবে।",
    "একজন মানুষের জন্য তার আদর্শের অর্থ কখনোই সহজে বোঝা যায় না, এটি সময়ের সঙ্গে উদ্ভাসিত হয়।",
    "তার বক্তব্যে যে অর্থ ছিল, তা অনেকক্ষণ পর এসে আমাকে স্পষ্টভাবে ধরা দিল।",
    "এখনকার আমাদের জীবনযাপন যদি কোনো অর্থ বহন করে, তবে তা হবে মানবিকতার প্রতি শ্রদ্ধা।",
    "তুমি যা বলছ, তার মধ্যে কোনো নতুন অর্থ খুঁজে পেলাম না, এটি পুরনো এবং একঘেয়ে।",
    "এমনকি চুপ থেকেও অনেক কিছু বলা যায়, এর মধ্যে বিরাট একটি অর্থ লুকানো থাকতে পারে।",
    "তোমার আঁকা ছবি দেখে, আমি বুঝতে পারলাম, এর মধ্যে এক ধরনের জীবনের অর্থ রয়েছে।",
    "তোমার আবেগপূর্ণ বাক্যগুলো বলার মধ্যে যে অর্থ ছিল, তা আমার হৃদয়ে গভীরভাবে অনুপ্রবিষ্ট হয়েছে।",
    "জীবনের সমস্ত কর্মকাণ্ডের মধ্যেও যে অর্থ রয়েছে, তা আমাদের কখনোই খুঁজে বের করা সম্ভব হয়নি।",
    "প্রকৃতির ভাষা বোঝা আমাদের জন্য একটি বিশেষ অর্থ ধারণ করে, যা একমাত্র প্রকৃতির গভীরে প্রবেশ করলে জানা যায়।",
    "তার গানগুলো শুধু শব্দ নয়, এর মধ্যে একটি অমুল্য অর্থ বিদ্যমান, যা আমাদের অনুভূতি ছুঁয়ে যায়।",
    "এই সংকটময় সময়ে একে অপরকে বোঝার যে অর্থ ছিল, তা আরও স্পষ্ট হয়ে উঠেছে।",
    "সে যখন মিথ্যা বলেছিল, তার মধ্যে যে অর্থ ছিল, তা বুঝতে আমাদের বেশ সময় লেগেছিল।",
    "তার মুখাবয়বে কোনো কিছু না বললেও, তার অবস্থা থেকে যে অর্থ উদ্ভূত হয়েছিল, তা ছিল অত্যন্ত গুরুত্বপূর্ণ।",
    "তোমার স্নেহ এবং সহানুভূতির যে অর্থ ছিল, তা আমি জীবনে কখনো ভুলতে পারব না।",
    "কিছু মানুষের মুখে হাসির মধ্যে যে অর্থ লুকিয়ে থাকে, তা অনেক সময় অতি সাধারণ হতে পারে, কিন্তু গভীর।",
    "বইয়ের প্রতিটি পাতায় যে অর্থ ফুটে উঠেছে, তা আমাকে নতুনভাবে চিন্তা করতে বাধ্য করেছে।",
    "তুমি যা বলেছ, তার মধ্যে যে অর্থ ছিল, তা যেন কখনোই তোমার কথা ছিল না।",
    "মনে রেখো, যে কোন অবস্থাতেই তার কাজের মানে তুমি বুঝতে পারবে, যদি তুমি ভালোভাবে খেয়াল করো।",
    "তার গল্পের মধ্যে যে অর্থ ছিল, তা আমাদের মধ্যে অনেক প্রশ্ন তৈরি করেছে।",
    "এখানে কোনো তৎকালিক অর্থ নেই, কিন্তু দীর্ঘমেয়াদী একটা বড় অর্থ লুকানো আছে।",
    "আমরা অনেক সময় ভুলে যাই যে, ছোট ছোট কাজের মধ্যে খুব বড় ধরনের অর্থ থাকতে পারে।",
    "এখন তুমি যে পথে চলছো, তার মধ্যে একাধিক গোপন অর্থ রয়েছে যা সময়ের সাথে প্রকাশ পাবে।",
    "আমরা যা বুঝতে পেরেছি, তার মধ্যে কোনো বিশাল অর্থ নেই, কিন্তু এটিই সত্য।",
    "অধিকার এবং ন্যায়ের যে অর্থ রয়েছে, তা সাধারণত কিছু সময়ের মধ্যে স্বীকার করা হয়।",
    "তুমি যখন বলেছিলে, 'আমি তোমার পাশে আছি', এর মধ্যে যে মানে ছিল, তা আমি অনুভব করেছি।",
    "তোমার স্মৃতির মধ্যে যে অর্থ রয়েছে, তা আমাকে কিছু চিন্তা করতে বাধ্য করেছে।",
    "এই বইয়ের পৃষ্ঠাগুলোতে যে অর্থ লুকানো ছিল, তা বুঝে বের করার জন্য অনেক ধৈর্য দরকার।",
    "তার মন্তব্যে যে অর্থ ছিল, তা অনেকের কাছে খুব স্পষ্ট ছিল না, কিন্তু ধীরে ধীরে তা পরিষ্কার হয়ে গেল।",
    "এখানে যেটি দেখা যাচ্ছে, তা শুধুমাত্র ঘটনাপ্রবাহ, কিন্তু এর মধ্যে একটি গভীর অর্থ লুকিয়ে রয়েছে।",
    "শুধু বলার জন্য নয়, তোমার কথায় যে আভাস ছিল, তা ছিল এক ধরনের বিশেষ অর্থের প্রতিফলন।",
    "এই কাজটি করলে তুমিই সবার কাছে যে মূল্যবান অর্থ প্রমাণিত হবে, তা আমি জানি।",
    "তার কথায় যে রূঢ়তা ছিল, তা বোঝার মধ্যে যেটি ছিল, তার অর্থ ছিল অত্যন্ত শক্তিশালী।",
    "তুমি যদি ভালোভাবে বুঝতে পার, তাহলে জানবে, এই ঘটনার পেছনে যে অর্থ রয়েছে, তা অনেক বড়।",
    "সবকিছু মিলে যে অর্থ তৈরি হচ্ছে, তা খুব কম সময়ে অনুধাবন করা সম্ভব নয়।",
    "তোমার চোখের দিকে তাকালেই বুঝে ফেললাম, যে শান্তি ছিল, তার মধ্যে বড় একটি অর্থ লুকিয়ে রয়েছে।",
    "জীবনের যাত্রায় যে অর্থ খুঁজে পাওয়া যায়, তা শুধুমাত্র সময়ের সাথে প্রতিফলিত হয়।",
    "প্রত্যেকটি ঘটনাই কিছু বিশেষ অর্থ বহন করে, যা কখনো আমাদের চোখে পড়ে না।",
    "তোমার হাসির মধ্যে যে অর্থ লুকানো ছিল, তা আমি এখন বুঝতে পারছি।",
    "এই চুপ থাকা, যার মধ্যে কোনো শব্দ ছিল না, তাও কিন্তু অনেক কিছু বোঝায়, তার অর্থ গভীর।"
  ]
},
{
  "sense": "সম্পদ",
  "examples": [
    "তার পিতামাতার অজস্র অর্থ ছিল, যা অনেকেই তাদের দেখে অবাক হতো।",
    "এদেশের খনিজ সম্পদ ব্যবহার করা হলে, তা আমাদের দেশের জন্য বিপুল অর্থ তৈরি করতে পারে।",
    "গ্রামটির ভূগর্ভস্থ সম্পদ অমূল্য, কিন্তু তার সঠিক ব্যবহার হয়নি এতদিন।",
    "দ্বিতীয় বিশ্বযুদ্ধের পর, ঐতিহ্যবাহী বাংলার অর্থকে আর একসাথে রাখা সম্ভব হয়নি।",
    "জীবনযাত্রার মান উন্নয়ন করলেও, সেখানে যে অর্থের ঘাটতি ছিল, তা টাকার সমতুল্য নয়।",
    "প্রকৃতির অর্থও একটি অবিচ্ছেদ্য অংশ, যা বাঁচিয়ে রাখা আমাদের কাজ।",
    "আজকাল প্রকৃতির মধ্যে অমূল্য সম্পদের অর্থ উপলব্ধি করা বেশ কঠিন হয়ে পড়েছে।",
    "দেশের অর্থনৈতিক উন্নয়ন ও সমৃদ্ধির জন্য এই প্রাকৃতিক সম্পদ রক্ষা করা জরুরি।",
    "সে জানতো, মেধা আর শিক্ষা ছাড়া আর কোনো অর্থ তাকে সুখী করতে পারবে না।",
    "পুরানো সময়ের অনেক গ্রন্থ এখন একটি অমূল্য সম্পদ হিসেবে বিবেচিত হচ্ছে।",
    "ভবিষ্যতের অর্থ হবে আমাদের প্রাকৃতিক সম্পদ, যদি আমরা সেগুলির যথাযথ ব্যবহার করি।",
    "যদি দেশে যথেষ্ট অর্থ ও সম্পদ থাকে, তবে কোনো ক্ষুধা বা দরিদ্রতা থাকবে না।",
    "জীবনে যে স্বপ্নের অর্থ রয়েছে, তা আমাদের কেবল নিজেদের মধ্যে সীমাবদ্ধ থাকে না, বরং সমাজে ছড়িয়ে যায়।",
    "কৃষির মধ্যে যে অবর্ণনীয় অর্থ রয়েছে, তা আমাদের ভবিষ্যত সুরক্ষিত করতে সাহায্য করবে।",
    "এমনকি সবার কাছে অর্থ থাকা সত্ত্বেও, অন্তর্নিহিত মূল্যবান সম্পদগুলো খুঁজে পাওয়া খুব কঠিন।",
    "মানুষের সৎকর্ম ও চিন্তা-ভাবনা জীবনের সবচেয়ে মূল্যবান অর্থ হিসেবে থাকে।",
    "দেশের সামগ্রিক অর্থনীতির অবস্থা ভালো না থাকলে, সম্পদও বৃথা হয়ে যায়।",
    "তাদের সবচেয়ে বড় অর্থ ছিল তাদের পরিবার এবং সংস্কৃতি, যা একে অপরকে শক্তিশালী করতো।",
    "প্রকৃতির ভাণ্ডার আমাদের জন্য এক বিরাট সম্পদ, যার কোন মূল্য পরিমাপ করা সম্ভব নয়।",
    "বিগত কয়েক দশক ধরে, দেশের সম্পদের অপচয় হয়েছে, যার ফলে অনেক কাঙ্ক্ষিত উন্নয়ন সম্ভব হয়নি।",
    "এই প্রযুক্তির যুগে, তথ্য ও জ্ঞানের আধিকারিক অর্থ একটি নতুন সম্পদ হিসেবে বিবেচিত হয়।",
    "ধনী হওয়ার জন্য শুধু অর্থই যথেষ্ট নয়, আপনার অভ্যন্তরীণ সম্পদও থাকতে হবে।",
    "শিল্পকলা এবং সংস্কৃতি জাতির এক অমূল্য সম্পদ, যা অর্থের থেকেও বেশি গুরুত্বপূর্ণ।",
    "তাদের জন্য, প্রকৃতি ছিল প্রকৃত অর্থ, যা তারা কখনোই হাতছাড়া করতে চায়নি।",
    "বিশ্ববিদ্যালয়ের পরিপূর্ণ শিক্ষা এবং গবেষণা, তা হলো দেশীয় অর্থের ভবিষ্যত সঞ্চয়।",
    "অত্যন্ত ধনী হওয়ার পরেও, সে জানতো যে, তার আসল সম্পদ ছিল তার অভ্যন্তরীণ শান্তি।",
    "তাদের শৃঙ্খলা এবং পরিশ্রমের মাধ্যমে, গ্রামটি একটি সম্পদ ভান্ডারে পরিণত হয়েছিল।",
    "অর্থের চেয়ে মূল্যবান ছিল তাদের আত্মবিশ্বাস ও পরিশ্রম, যা তাদের আস্থার সম্পদ তৈরি করেছিল।",
    "দীর্ঘস্থায়ী বন্যার ফলে, দেশের অর্থনৈতিক অবস্থা অনেক খারাপ হয়ে গিয়েছিল, কিন্তু প্রকৃতির সম্পদ অব্যাহত ছিল।",
    "বিশ্বের বিভিন্ন অঞ্চলে অবস্থিত সম্পদ অনেক সময়ই মানুষের হাতে আসে এবং নানা পরিণতির দিকে পরিচালিত হয়।",
    "আধুনিক শিল্পে অনেক অর্থই রয়েছে, কিন্তু মানবিক সম্পদ সবচেয়ে মূল্যবান।",
    "প্রকৃতির গভীরে লুকানো সম্পদ আসলে জীবনের প্রকৃত অর্থের প্রতিফলন।",
    "শুধুমাত্র অর্থের পিছনে না ছুটে, আমাদের সাংস্কৃতিক সম্পদের দিকে নজর দেয়া উচিত।",
    "তাদের প্রাচীন গ্রন্থাবলী, শিল্পকলা এবং শিক্ষা, এই সবই জাতির বৃহত্তম অর্থ।",
    "দেশের যেকোনো সম্পদ কেবল তখনই মূল্যবান হয়, যখন সেগুলোর যথাযথ ব্যবহার করা হয়।",
    "মানুষের একাগ্রতা এবং ধৈর্য হলো জীবনের সবচেয়ে বড় সম্পদ, যা প্রতিটি মুহূর্তে গুরুত্বপূর্ণ হয়ে ওঠে।",
    "শিক্ষিত জাতি একটি জাতির প্রকৃত অর্থ এবং শক্তি, যা অব্যাহতভাবে সমৃদ্ধি আনতে পারে।",
    "যতই সময় যাবে, ততই আমাদের মানবসম্পদই সবচেয়ে গুরুত্বপূর্ণ অর্থ হয়ে উঠবে।",
    "দেশের প্রাকৃতিক সম্পদ এত বড় ছিল যে, সেটা কেবল অর্থেই পরিমাপ করা সম্ভব নয়।",
    "জ্ঞান এবং অভিজ্ঞতা অর্জন করা হলো জীবনের সবচেয়ে বড় সম্পদ, যা অর্থ দিয়ে কেনা সম্ভব নয়।",
    "প্রকৃতি, সংস্কৃতি এবং ইতিহাস – এই তিনটি দিক দেশের বৃহত্তম অর্থ এবং সম্পদ।",
    "তাদের ঐতিহ্য ছিল অত্যন্ত শক্তিশালী এবং তা তাদের জীবনের অমূল্য সম্পদ হয়ে উঠেছিল।",
    "যখন সকল প্রকার সম্পদ বিনষ্ট হয়ে যায়, তখন আমাদের মৌলিক সম্পদ, যেমন সম্পর্ক, অমূল্য হয়ে ওঠে।",
    "মনের মধ্যে তৈরি হওয়া শান্তি এবং আত্মবিশ্বাস হল জীবনের সবচেয়ে মূল্যবান সম্পদ।",
    "যতই অর্থ সঞ্চিত হোক, শুদ্ধ মন ও উচ্চ উদ্দেশ্য সবচেয়ে বড় সম্পদ হিসেবে গণ্য করা হয়।",
    "সে জানতো, সৃজনশীলতা ও জ্ঞানের মধ্যে নিহিত থাকে বিশ্বের সবচেয়ে মূল্যবান সম্পদ।",
    "আলোর মতোই মানুষের ভালোবাসা এবং উদারতা হল জীবনের অমূল্য সম্পদ।",
    "বিশ্ববিদ্যালয়ের প্রকল্পগুলোর মাধ্যমে দেশের অর্থনৈতিক ব্যবস্থা সঠিকভাবে স্থিতিশীল হতে পারে।",
    "আজকাল, জীবনযাত্রার মান উন্নত করতে হলে শুধুমাত্র অর্থ নয়, বরং মানুষের মূল্যবান সম্পদ প্রয়োজন।",
    "পরিবারের স্নেহ এবং সহযোগিতা তাদের জীবনের সবচেয়ে বড় সম্পদ ছিল।"
  ]
},
{
  "sense": "উদ্দেশ্য",
  "examples": [
    "তার জীবনের মূল অর্থ ছিল দেশসেবায় নিজেকে উৎসর্গ করা।",
    "বিপ্লবীদের সংগ্রামের পেছনে একটি সুস্পষ্ট অর্থ ছিল, তা ছিল স্বাধীনতা অর্জন।",
    "আমরা যে সকল কাজে জড়িত, তার প্রতিটির একটি নির্দিষ্ট অর্থ থাকা উচিত।",
    "সামাজিক কল্যাণের জন্য তার কাজের পেছনে এক গভীর অর্থ ছিল।",
    "বাবার দেয়া শিক্ষা জীবনযাত্রার প্রকৃত অর্থ উপলব্ধি করতে সাহায্য করেছে।",
    "কবির লেখার পেছনে একটি গভীর অর্থ নিহিত ছিল, যা পাঠককে ভাবতে বাধ্য করত।",
    "তার লেখা গল্পগুলির প্রতিটি অংশে এক বিরাট অর্থ ছিল, যা পাঠককে নতুন করে ভাবতে উদ্বুদ্ধ করেছিল।",
    "বিপ্লবের পেছনে এক ঐতিহাসিক অর্থ ছিল, তা ছিল নতুন সমাজ ব্যবস্থার সূচনা।",
    "এটি শুধু একটি খেলা নয়, তার পেছনে ছিল জীবনের বৃহত্তর অর্থ, যা তার সঙ্গীকে শিখিয়েছে।",
    "সমাজের সেবা করার উদ্দেশ্যই ছিল তার একমাত্র লক্ষ্য, যাতে মানুষের জীবনে পরিবর্তন আনা যায়।",
    "এই অঞ্চলের ইতিহাসে যে সংগ্রাম ছিল, তার পেছনে এক অদৃশ্য অর্থ ছিল—সেটি ছিল মুক্তির সাধনা।",
    "তার জীবনের অর্থ ছিল শুধু ব্যক্তিগত লাভ নয়, বরং সমাজের কল্যাণে নিজেকে নিয়োজিত করা।",
    "বিজ্ঞানের প্রতি তার আগ্রহ ছিল এক মহান উদ্দেশ্য, যা মানুষের উপকারে আসবে।",
    "নতুন এক অধ্যায়ের শুরুতে তার সিদ্ধান্তের পেছনে ছিল সমাজের প্রতি এক বৃহৎ অর্থ।",
    "তার কলমের পেছনে এক সুস্পষ্ট অর্থ ছিল—মানুষের চেতনায় পরিবর্তন আনা।",
    "বিবাহের পেছনে, তার যে অর্থ ছিল তা ছিল পারিবারিক সুখ এবং সঙ্গীজীবনের সৌহার্দ্য।",
    "তিনি জানতেন, তার কর্মকাণ্ডের পেছনে মূল অর্থ ছিল শিক্ষা প্রচার করা।",
    "প্রকৃতির সঙ্গে তার সম্পর্ক ছিল একটি গভীর অর্থের, যা তার জীবনকে আরও মানসম্পন্ন করেছিল।",
    "তার বইয়ের প্রতিটি পৃষ্ঠার পেছনে একটি আদর্শ ছিল, যা সমাজের উন্নতির লক্ষ্যে রচিত।",
    "দারিদ্র্য দূরীকরণের জন্য তার কাজের পেছনে এক মহান অর্থ ছিল—মানবতার সেবা।",
    "বিপ্লবী সৈনিকের জীবনযাত্রার পেছনে ছিল এক বিশাল উদ্দেশ্য—দেশের স্বাধীনতা লাভ।",
    "তাদের লক্ষ্য ছিল, প্রাচীন অর্থের পরিবর্তে নতুন কিছু সৃষ্টি করা যা সমাজের জন্য উপকারী হবে।",
    "কোনো কাজের পেছনে অর্থ থাকা প্রয়োজন, যেন তা সুদৃঢ় উদ্দেশ্যে পরিচালিত হয়।",
    "দেশের উন্নতির জন্য তার পরিকল্পনায় যে অর্থ ছিল, তা ছিল সবার জন্য সমান সুযোগ সৃষ্টি করা।",
    "তার জীবনের একমাত্র উদ্দেশ্য ছিল সঠিক পথে চলতে গিয়ে অন্যদের জন্য উপকারি কিছু করা।",
    "পরিসংখ্যানের মাধ্যমে তিনি সমাজের অর্থনৈতিক অবস্থার প্রকৃত উদ্দেশ্য বিশ্লেষণ করতে চেয়েছিলেন।",
    "স্বাধীনতা সংগ্রামের পেছনে যে অর্থ ছিল, তা ছিল মানুষের অধিকারের প্রতি সম্মান প্রদর্শন।",
    "অধ্যাত্মিক জীবনের লক্ষ্যই ছিল প্রকৃত অর্থ, যা মানুষকে চিরকাল শান্তি দেয়।",
    "দুর্নীতি ও সমাজের অব্যবস্থাপনার বিরুদ্ধে তার আন্দোলনের পেছনে ছিল একটি দৃঢ় অর্থ।",
    "এই সংগঠনের প্রতিষ্ঠার পেছনে ছিল একমাত্র উদ্দেশ্য—মানবিক কল্যাণ।",
    "অলংকারের প্রতিটি শাখার পেছনে একটি উদ্দেশ্য ছিল, যা রুচির দৃষ্টিতে ছিল অমূল্য।",
    "প্রত্যেক পদক্ষেপের পেছনে একটি লক্ষ্য ছিল—সমাজের উন্নতির জন্য অবদান রাখা।",
    "শিক্ষার প্রতি তার এক অটুট উদ্দেশ্য ছিল—সামাজিক মূল্যবোধ তৈরি করা।",
    "তার কলামগুলো ছিল সমাজের অর্থনৈতিক ও সামাজিক লক্ষ্য নিয়ে গভীর চিন্তা।",
    "চলচ্চিত্র নির্মাণের পেছনে ছিল একটি একক উদ্দেশ্য—মানুষের ভাবনাকে উন্মুক্ত করা।",
    "তার উদ্যোগের মূল অর্থ ছিল—সমাজের জন্য একটি মেধাবী প্রজন্ম তৈরি করা।",
    "এমন পরিস্থিতিতে সবার পেছনে ছিল এক নির্দিষ্ট উদ্দেশ্য—ভালোর প্রতি আগ্রহ সৃষ্টি করা।",
    "এখানে তার উদ্যোগের উদ্দেশ্য ছিল—মানুষের মনের গহীনে থাকা ভালোবাসার বাস্তবতা প্রকাশ করা।",
    "প্রতিটি কলমের পেছনে ছিল এক শক্তিশালী উদ্দেশ্য, যা সমাজে সঠিক বার্তা পৌঁছানোর জন্য রচিত।",
    "এই যুদ্ধের পেছনে যে অর্থ ছিল, তা ছিল জাতির সম্মান রক্ষা করা।",
    "বুদ্ধির উন্নতির জন্য তার পথের প্রতি গভীর এক উদ্দেশ্য ছিল—মানবতার অগ্রগতি।",
    "শিক্ষার্থীদের জন্য তার কাজের পেছনে ছিল এক পরিপূর্ণ উদ্দেশ্য—সমাজের জন্য প্রজ্ঞা সৃষ্টি করা।",
    "এই পর্বের গল্পের পেছনে এক দারুণ উদ্দেশ্য ছিল—মানুষের মনে আশা জাগানো।",
    "তিনি যে দৃষ্টিভঙ্গির পেছনে কাজ করেছেন, তা ছিল মানবাধিকার প্রতিষ্ঠার উদ্দেশ্যে।",
    "তার পদক্ষেপের পেছনে এক সামগ্রিক উদ্দেশ্য ছিল—বিশ্বের প্রতি তার দায়বদ্ধতা।",
    "এই নীতির পেছনে ছিল এক বিশাল উদ্দেশ্য—সমাজের শ্রেণী বিভাজন দূরীকরণ।",
    "প্রকৃতির মধ্যে যে উদ্দেশ্য ছিল, তা ছিল পৃথিবীকে সুস্থ ও সুরক্ষিত রাখা।",
    "তার লেখার পেছনে যে উদ্দেশ্য ছিল, তা ছিল মানুষকে নিজেদের জীবন সম্পর্কে নতুনভাবে চিন্তা করতে উদ্বুদ্ধ করা।",
    "মহান ব্যক্তিত্বের জীবনকথায় যে অর্থ ছিল, তা ছিল মানবকল্যাণের দিকে পরিচালিত হওয়া।",
    "তার দৃঢ় পদক্ষেপের পেছনে ছিল একটি সহজ কিন্তু গভীর উদ্দেশ্য—মানুষকে ভালোবাসা শেখানো।",
    "প্রতিটি বাচন-ভঙ্গির পেছনে ছিল এক বিশেষ উদ্দেশ্য—মানুষের চিন্তা পরিবর্তন করা।",
    "এটি শুধুমাত্র একটি বই নয়, বরং তার জীবনযাত্রার পেছনে ছিল এক উদ্দেশ্য—সবার জন্য দৃষ্টিভঙ্গি খুলে দেওয়া।",
    "অর্থনৈতিক সমৃদ্ধি এবং উন্নতির পেছনে ছিল একটি পরিপূর্ণ উদ্দেশ্য—জীবনের প্রতি ভালোবাসা।",
    "উন্নত সমাজ গড়ার জন্য, তার কর্মকাণ্ডের পেছনে ছিল এক গভীর উদ্দেশ্য—সবার জন্য সমান সুযোগ সৃষ্টি করা।",
    "তিনি জানতেন, যে কাজটি তিনি করছেন, তার পেছনে একটি বিশাল অর্থ ছিল—মানবতার কল্যাণ।"
  ]
},
{
  "sense": "সামাজিক গুরুত্ব",
  "examples": [
    "তাদের কাজের পেছনে ছিল একটি বৃহৎ সামাজিক অর্থ, যা সমাজের শৃঙ্খলা রক্ষা করতে সাহায্য করেছিল।",
    "বাঙালি সংস্কৃতির মধ্যে রচিত অনেক কাব্যের সামাজিক অর্থ অপরিসীম, যা মানুষের মনকে গভীরভাবে প্রভাবিত করেছে।",
    "মহাভারত একটি ঐতিহাসিক গ্রন্থ, যার সামাজিক গুরুত্ব আজও অস্বীকার করা যায় না।",
    "এই নাটকটি কেবল নাট্যকলার জন্য নয়, এর সামাজিক গুরুত্ব ছিল সমাজের চিন্তা-ভাবনাকে পরিবর্তন করা।",
    "তাঁর গবেষণা ছিল সমাজের ভবিষ্যতের জন্য একটি গুরুত্বপূর্ণ কাজ, যার সামাজিক মূল্য অতি উচ্চ।",
    "রবীন্দ্রনাথের কবিতার পেছনে ছিল সমাজের প্রতি গভীর একটি সামাজিক অর্থ, যা পাঠককে সচেতন করে তোলে।",
    "বিশ্ববিদ্যালয়ে শিক্ষার মাধ্যমে সমাজের উন্নতি হয়, যার সামাজিক গুরুত্ব প্রতিটি ছাত্রের জীবনে প্রভাব ফেলে।",
    "গ্রামের ঐতিহ্য এবং সংস্কৃতি তার মধ্যে প্রচুর সামাজিক গুরুত্ব ধারণ করে, যা বর্তমান প্রজন্মের জন্য শিক্ষণীয়।",
    "তাদের সংগঠনটি সমাজের প্রতি দায়বদ্ধ ছিল, যার সামাজিক গুরুত্ব ছিল অত্যন্ত গভীর।",
    "বিষ্ণু দে-এর কবিতায় যে সামাজিক গুরুত্ব ছিল, তা সমাজে পরিবর্তন আনার জন্য প্রেরণাদায়ক।",
    "এই চলচ্চিত্রটি সমাজের অপর্যাপ্ত দিকগুলো তুলে ধরেছে, যার সামাজিক গুরুত্ব যথেষ্ট।",
    "শিল্পকলার মাধ্যমে সমাজের বাস্তব চিত্র তুলে ধরার উদ্দেশ্যে নির্মিত এই কাব্যগ্রন্থটির সামাজিক গুরুত্ব ছিল অনস্বীকার্য।",
    "পূর্ববঙ্গের কৃষক আন্দোলনের সামাজিক গুরুত্ব ছিল সমাজের উন্নয়ন ত্বরান্বিত করা।",
    "শহরের বস্তি এলাকার জীবনযাত্রার চিত্র চলচ্চিত্রে দেখানোর মাধ্যমে, পরিচালক সমাজের প্রতি এক গভীর সামাজিক গুরুত্ব তুলে ধরেছেন।",
    "লেখকের আখ্যানের মধ্যে সমাজের অব্যক্ত অনুভূতির সামাজিক গুরুত্ব প্রমাণিত হয়।",
    "এটি কেবল একটি সাহিত্যকর্ম ছিল না, এর মাধ্যমে সমাজের চেতনাকে জাগ্রত করার সামাজিক গুরুত্ব ছিল অপরিসীম।",
    "নতুন প্রজন্মের কাছে সামাজিক ন্যায়বিচারের যে গুরুত্ব তা নিয়ে তিনি বহু লেখালিখি করেছেন, যার প্রভাব সুদূরপ্রসারী।",
    "তাঁর সাহিত্যে সমাজের দারিদ্র্য, শোষণ এবং অবহেলার যে চিত্র পাওয়া যায়, তার সামাজিক গুরুত্ব ছিল সমাজ পরিবর্তনের দিশারি।",
    "বিভিন্ন মহৎ উদ্যোগের পেছনে যে সামাজিক উদ্দেশ্য ছিল, তা সমাজে শান্তি প্রতিষ্ঠা করতে সাহায্য করেছে।",
    "এই গ্রন্থটি সামাজিক সমস্যাগুলোর গভীরে প্রবেশ করেছে, যা সমাজে গূঢ় সামাজিক অর্থ সৃষ্টি করেছে।",
    "শিক্ষার গুরুত্ব একদিকে যেমন ব্যক্তি জীবনে অপরিসীম, অন্যদিকে এটি সমাজে একটি বিরাট সামাজিক অর্থ বহন করে।",
    "ঋত্বিক ঘটক তার চলচ্চিত্রে সমাজের অন্তর্নিহিত সমস্যাগুলোর প্রতি সামাজিক গুরুত্ব প্রকাশ করেছিলেন।",
    "জীবনানন্দ দাশের কবিতায় সমাজের মানবিক দৃষ্টিভঙ্গির সামাজিক গুরুত্ব অস্বীকার করা যায় না।",
    "শুধু রাজনৈতিক নয়, সামাজিক আন্দোলনের যে অবদান তা সমাজে দীর্ঘমেয়াদী পরিবর্তন এনে দিয়েছে, যার অর্থ বিশাল।",
    "নজরুল ইসলামের লেখার মধ্যে সমাজের প্রতি এক গভীর সামাজিক অর্থ ছিল, যা বহু মানুষকে উদ্বুদ্ধ করেছে।",
    "তার বক্তব্যের পেছনে ছিল সমাজের প্রতি এক গুরুত্বপূর্ন বার্তা, যা দেশজুড়ে এক সামাজিক আন্দোলনের সূত্রপাত ঘটিয়েছে।",
    "পৃথিবীজুড়ে সামাজিক পরিবর্তন নিয়ে যে কাজ হচ্ছে, তা তার লেখার মধ্যে একটি গুরুতর সামাজিক গুরুত্ব প্রকাশ পেয়েছে।",
    "আধুনিক শিল্প আন্দোলন সমাজের সাংস্কৃতিক অগ্রগতি নিয়ে চিন্তা করেছে, যার সামাজিক গুরুত্ব রয়েছে বহুমাত্রিক।",
    "শিল্পীর কাজের মধ্যে শুধু ব্যক্তিগত অভিব্যক্তি ছিল না, তার কাজ সমাজে গভীর সামাজিক গুরুত্ব পায়।",
    "বঙ্গভঙ্গের সময় সাহিত্যিকরা যে সামাজিক গুরুত্ব নিয়ে কাজ করেছিলেন, তা আজও সমাজে অনুভূত হয়।",
    "বিগত শতাব্দীর সাহিত্যে রচিত অনেক গল্প সমাজের অনগ্রসর দিকগুলোকে তুলে ধরেছিল, যার সামাজিক গুরুত্ব অমুল্য।",
    "গ্রন্থটির সমাজিক গুরুত্ব ছিল বর্তমান প্রজন্মের চিন্তাধারাকে নতুন দৃষ্টিকোণ থেকে উন্মুক্ত করা।",
    "চলচ্চিত্রের মাধ্যমে সমাজের প্রান্তিক জনগণের চিত্র প্রদর্শন করে এর সামাজিক গুরুত্ব বোঝানো হয়েছে।",
    "এটি শুধু একটি সাহিত্যিক কাজ নয়, এটি সমাজে সত্যের প্রতি সৎ উদ্দেশ্য এবং সামাজিক গুরুত্ব প্রচারের মাধ্যম ছিল।",
    "দেশের সংস্কৃতির প্রতি দায়বদ্ধতা, এর মধ্যে যে সামাজিক গুরুত্ব ছিল তা সমাজের ঐক্যের প্রতীক।",
    "সমাজে প্রতিটি শ্রেণীর মানুষের অধিকারের যে সামাজিক গুরুত্ব ছিল, তা আলোচিত হয়েছিল সাহিত্যকর্মের মধ্যে।",
    "এটি শুধু একটি আন্দোলন ছিল না, এর পেছনে ছিল সমাজের প্রতি গভীর সামাজিক দায়িত্ববোধ।",
    "বিশ্ববিদ্যালয়ের শিক্ষা মানের বৃদ্ধি, তার সামাজিক গুরুত্ব সারা দেশে প্রসারিত হয়ে সমাজে প্রভাব ফেলেছে।",
    "এই নাটকটির মাধ্যমে তিনি যে সামাজিক বার্তা দিয়েছেন, তা সমাজে সচেতনতা বৃদ্ধির জন্য অত্যন্ত গুরুত্বপূর্ণ।",
    "সমাজে সমতা প্রতিষ্ঠার জন্য তার কাজের পেছনে যে সামাজিক লক্ষ্য ছিল, তা অত্যন্ত গুরুত্বপূর্ণ।",
    "ভবিষ্যৎ সমাজের দিকে তাকালে, শিক্ষা এবং সংস্কৃতির যে সামাজিক গুরুত্ব রয়েছে, তা নিঃসন্দেহে প্রমাণিত।",
    "কৃষক আন্দোলনে যে সামাজিক গুরুত্ব ছিল, তা দেশের কৃষির ভবিষ্যত নির্ধারণে সহায়ক ছিল।",
    "কোনো একটি গল্পের মাধ্যমে সমাজের মনের গহীনে প্রবেশ করা যায়, যার সামাজিক গুরুত্ব অপরিসীম।",
    "সামাজিক পরিবর্তনের জন্য যে বার্তা তিনি দিয়েছেন, তা ছিল গভীর এবং তার সামাজিক গুরুত্ব ছিল অসীম।",
    "মানুষের জীবনের গোপন দিকগুলো বের করে আনতে, তার কাজের মধ্যে যে সামাজিক গুরুত্ব ছিল, তা বিস্ময়কর।",
    "তার কাজের মাধ্যমে সমাজে যে পরিবর্তন ঘটেছিল, তা শুধুমাত্র একটি রাজনৈতিক পরিবর্তন নয়, বরং এটি সামাজিক ক্ষেত্রে এক বিপ্লবী পদক্ষেপ ছিল।",
    "এই কাজের মাধ্যমে তিনি সমাজে যে সামাজিক দায়িত্ববোধ সৃষ্টি করেছিলেন, তা অপরিসীম।",
    "কবির কবিতায় সমাজের এক বাস্তব চিত্র উঠে এসেছে, যার সামাজিক গুরুত্ব আজও অম্লান।",
    "শিল্পী হিসেবে তার প্রতিটি সৃষ্টি সমাজের প্রতি একটি শুদ্ধ বার্তা প্রদান করেছে, যার সামাজিক গুরুত্ব আকাশচুম্বী।"
  ]
}
]
}