{
"word":"কাপ",
"senses": [
  {
    "sense": "পানীয় গ্রহণের পাত্র",
    "examples": [
      "আমি এক কাপ চা পান করতে চাই।",
      "সে কফির কাপ হাতে বসে ছিল।",
      "এই কাপটি খুব সুন্দর, এটা কোথা থেকে এনেছো?",
      "এক কাপ পানি দিলে ভালো হতো।",
      "তিনি তার কাপ থেকে কফি নিয়ে মুখে দিলেন।",
      "আমার কাছে কাপটা একটু ছোট মনে হচ্ছে।",
      "তিনটি কাপ চায়ের জন্য আদেশ দেওয়া হয়েছে।",
      "এই কাপটি ভেঙে গেলে খুব দুঃখিত হবে।",
      "আমি একটা বড় কাপ চাই, চায়ের জন্য।",
      "কাপটি পূর্ণ হওয়া পর্যন্ত অপেক্ষা করো।",
      "এক কাপ গরম চা শরীরকে সতেজ করে দেয়।",
      "সে তার কাপ হাতে বসে আকাশ দেখছিল।",
      "কাপটি এত ছোট, সেখানে একটুও স্থান নেই।",
      "চায়ের কাপ হাতে নিয়ে সে কিছুক্ষণ চুপচাপ দাঁড়িয়ে ছিল।",
      "অফিসে আমি সবসময় এক কাপ কফি নিয়ে কাজ করি।",
      "এই কাপটি এমনকি ভাঙ্গা, অতএব নতুন কাপ নিয়ে এসো।",
      "কাপে পানি ভরতে ভুলে গিয়েছিলাম, তাই আমাকে আরেকটা কাপ নিতে হয়েছে।",
      "আমি এক কাপ কফি পান করে দম নিলাম।",
      "এখন এক কাপ মিষ্টি চা পান করা উচিত।",
      "কাপের মধ্যে চায়ের পরিবর্তে গরম দুধ ছিল।",
      "সে ছোট্ট কাপ থেকে চুমুক দিয়ে চা খাচ্ছিল।",
      "এত বড় কাপ নিয়ে কী হবে? এক কাপই যথেষ্ট।",
      "কাপটি তার হাতে এমনভাবে ছিল, যেন ভেঙে যাবে।",
      "এক কাপ মধুর চায়ের সাথে এক টুকরো কেক ভালো যাবে।",
      "আমি সবসময় খুব পছন্দ করি বড় কাপের চা।",
      "কাপটি রঙিন এবং খুব সুন্দর ডিজাইনে তৈরি।",
      "তার পছন্দের কাপটি নীল রঙের।",
      "এক কাপ পানির জন্য আমি অপেক্ষা করতে থাকলাম।",
      "এই কাপটা আমার প্রিয়, আমি এটা কখনো ভাঙতে দেব না।",
      "তিনটি কাপ কফি আমরা একসাথে পান করেছি।",
      "সে কাপটির ভিতর থেকে ঠাণ্ডা পানি খাচ্ছিল।",
      "এই কাপটি অনেক পুরনো, কিন্তু এখনও ব্যবহার করা হয়।",
      "এক কাপ গরম দুধ শরীরকে আরাম দেয়।",
      "এই কাপটি এত বড়, এতে পুরো এক পাত্র কফি ঢালতে হবে।",
      "আমাদের বাড়িতে প্রতিদিন তিন কাপ চা তৈরি হয়।",
      "সে তার পছন্দের কাপ থেকে এক চুমুক চা খেয়ে মনে শান্তি পেল।",
      "কাপটি টেবিলের উপর রেখে সে উঠে দাঁড়াল।",
      "তুমি কি আমার কাপটা দেখেছো? আমি এটি খুঁজে পাচ্ছি না।",
      "এক কাপ কফি আর একটি বই, সবকিছু যেন প্রস্তুত ছিল।",
      "কাপটি একেবারে পূর্ণ হয়ে গেছে, আর এক ফোঁটা জায়গা নেই।",
      "সে কাপ থেকে চায়ের শেষ চুমুক নিচ্ছিল।",
      "সকালে এক কাপ চা পান করলে শরীর সতেজ থাকে।",
      "কাপের পাশে একটি নোট রাখা ছিল।",
      "কাপটি পরিষ্কার করে রাখো, পরের বার ব্যবহার করার জন্য।",
      "কাপটি খুব বড়, একে হাত দিয়ে ধরতে পারছি না।",
      "সে এক কাপ কফি নিয়ে দেরি না করে কাজে চলে গেল।",
      "আমার কাছে কোনো কাপ ছিল না, তাই আমি প্লেট ব্যবহার করলাম।",
      "তিনটি কাপ কফি আমার মুখের সামনে রেখে সেই আমাকে প্রশ্ন করল।",
      "অফিসের খাবার পরেই আমরা এক কাপ চা পান করি।",
      "কাপটি ভেঙে গেলে কী হবে, এর প্রতিস্থাপনও পাওয়া যাবে।",
      "এক কাপ পানি পান করে খুব ভালো লাগলো।",
      "সে কাপ থেকে চুমুক দিয়ে হালকা হাসল।",
      "এই কাপটি অনেক ভালো মানের, এটি খুব টেকসই।",
      "আমার কাজের সময়, আমি সবসময় এক কাপ চা নিয়ে কাজ করি।",
      "এই কাপটি এতই ছোট যে এতে পুরো এক গ্লাস পানি ঢালা সম্ভব নয়।",
      "তিনটি কাপ চা রাখা হয়েছে, একে একে সবাই পান করবে।",
      "কাপটি সম্পূর্ণ শুদ্ধভাবে পরিষ্কার হওয়া উচিত।",
      "এক কাপ হালকা কফি আমার সকালে শক্তি যোগাবে।",
      "সে কাপটি হাতে নিয়ে দাঁড়িয়ে ছিল, কিছু বলতে যাচ্ছিল।",
      "এক কাপ পুদিনা চা তার শরীরকে সতেজ করলো।"
    ]
  },
{
    "sense": "ট্রফি",
    "examples": [
      "এ বছর আমাদের দলের হাতে ফুটবল কাপ উঠেছে।",
      "বিশ্বকাপ ফাইনালে তার দলের জয় নিশ্চিত হয়ে গেছে।",
      "আমরা গত বছর ক্রিকেট কাপ জিতেছিলাম, এবারও জিতব।",
      "কাপটি তার জীবনের সবচেয়ে বড় অর্জন ছিল।",
      "সে সবার সামনে তার অর্জিত কাপ দেখাচ্ছিল।",
      "তিনটি কাপ পেতে, দলকে অনেক কঠোর পরিশ্রম করতে হয়েছে।",
      "এই ফুটবল কাপটা আমাদের ক্লাবের জন্য খুবই গুরুত্বপূর্ণ।",
      "কাপটি জিততে হলে অনেক পরিশ্রম এবং কৌশল প্রয়োজন।",
      "বিশ্বকাপে দেশের জন্য কাপ জেতার স্বপ্ন তার ছিল।",
      "আমাদের দল এই বছরে ৫টি কাপ জিতেছে।",
      "ক্রিকেট কাপ নিয়ে অনুষ্ঠানটি শুরু হলো।",
      "সেই দলের কাপের জয় ছিল অবিস্মরণীয়।",
      "তিনি জীবনে প্রথমবারের মতো ট্রফি জিতেছিলেন।",
      "প্রতিযোগিতার শেষে, আমরা কাপ হাতে বিজয়ী হিসেবে দাঁড়িয়ে ছিলাম।",
      "কাপের জন্য দলের মধ্যে প্রতিযোগিতা শুরু হয়ে গিয়েছিল।",
      "অলিম্পিক কাপের ফাইনালে আমাদের দলের জয় হয়েছে।",
      "উচ্চতর প্রশিক্ষণ ছাড়া ট্রফি জেতা সম্ভব নয়।",
      "কাপটি তার পিতার কাছে একটি দান হিসেবে ছিল।",
      "কাপটি হাতে পেয়ে তার আনন্দের সীমা ছিল না।",
      "এবারের শীতকালীন খেলায় আমাদের দল কাপ জিতেছে।",
      "অভিনব কৌশলে সেই খেলোয়াড় একের পর এক কাপ জিতেছে।",
      "তিনি কাপ হাতে নিয়ে তার সহকর্মীদের শুভেচ্ছা গ্রহণ করেছিলেন।",
      "টুর্নামেন্ট শেষে তারা কাপ নিয়ে মাঠে ঘুরছিল।",
      "সে কখনও ভাবেনি যে, সে এত বড় কাপ জিততে পারবে।",
      "কাপটি হাতে পেয়ে সে যে আনন্দ অনুভব করেছিল, তা ভাষায় প্রকাশ করা যায় না।",
      "বিশ্বকাপ কাপটি উন্মুক্ত করার অনুষ্ঠান শুরু হলো।",
      "আজকের ম্যাচে যদি আমরা জিততে পারি, তবে আমরা সেই ট্রফি পাব।",
      "তাদের ক্লাব প্রথমবারের মতো ট্রফি জিতেছে এবং সবাই উদযাপন করছিল।",
      "এশিয়া কাপ জিততে দেশের সবাই একত্রিত হয়েছে।",
      "প্রতিযোগিতার শেষে, তার হাতে কাপ তুলে দেওয়া হলো।",
      "এত বছর পর, অবশেষে দলের হাতে আন্তর্জাতিক কাপ উঠল।",
      "বিশ্বকাপের কাপটি একটি প্রতীক হয়ে উঠেছে দেশটির জন্য।",
      "ফুটবল কাপ হাতে নিয়ে সারা পৃথিবীকে দেখানো হচ্ছে আমাদের অর্জন।",
      "অলিম্পিক কাপের জন্য প্রক্রিয়া শুরু হতে চলেছে।",
      "কাপ জিততে হলে, সবাইকে কঠোর পরিশ্রম করতে হবে।",
      "সেই দলের কাপ জয়ের ঘটনা আমাদের ইতিহাসে চিরকাল থাকবে।",
      "বিভিন্ন খেলাধুলায় অসাধারণ পারফরম্যান্সের জন্য তারা কাপ জিতেছে।",
      "কাপটি হাতে পেয়ে সে চুপচাপ দাঁড়িয়ে ছিল, চোখে জল ছিল।",
      "এই ট্রফিটি তার জীবনের সবচেয়ে বড় পুরস্কার।",
      "সে যত বড় প্রতিযোগিতাতেই অংশ নেয়, কাপ জিতেই ফিরে আসে।",
      "এই কাপটি শুধু জয় নয়, এটি তার জীবনের একটি স্মৃতিও।",
      "তাদের হাতে দুটি কাপ উঠেছে, যা তাদের জন্য গর্বের বিষয়।",
      "আজকের ম্যাচে জয়ী দলটি কাপ হাতে নিয়ে বিজয়ী ঘোষণা করা হবে।",
      "প্রতিযোগিতায় সেরা পারফরম্যান্সের জন্য তাকে কাপ পুরস্কৃত করা হলো।",
      "বিশ্বকাপের কাপ তার জন্য খুবই মূল্যবান।",
      "আজকের বিজয়ী দলের হাতে হবে সেই বিখ্যাত কাপ।",
      "টুর্নামেন্টের পর তারা জয়ী হয়ে কাপ হাতে করুণার সাথে দাঁড়িয়ে ছিল।",
      "এবার সেরা খেলোয়াড় হিসেবে তাকে কাপ পুরস্কৃত করা হয়েছে।",
      "এশিয়া কাপের ফাইনালে অংশগ্রহণকারী দলের মুখে হাসি ছিল, কারণ তারা জিতেছে।",
      "এই কাপটি আমার জীবনের সবচেয়ে গর্বের মুহূর্তের প্রতীক।",
      "প্রতিযোগিতার পরে তারা কাপ নিয়ে আনন্দ উৎসবে মেতে উঠল।",
      "অফিস ক্রীড়া প্রতিযোগিতায় আমরা কাপ জিতেছি।",
      "তাদের জন্য এই কাপ তাদের কঠোর পরিশ্রমের ফলস্বরূপ।",
      "তিন বছরের পরিশ্রমের ফলস্বরূপ, তারা কাপ জিতেছে।",
      "বিশ্বকাপের কাপটি তাদের দেশের জন্য সম্মানজনক বিজয়।",
      "ক্রিকেট কাপটি হাতে নিয়ে তারা ভীষণ খুশি ছিল।"
    ]
  },


 ]
}